,airport,courier,domestic,international,month,year
0,All,All,815489,92565,10,2002
1,All,All,766775,91342,11,2002
2,All,All,782175,96881,12,2002
3,All,All,785651,98053,1,2003
4,All,All,690750,85965,2,2003
5,All,All,797634,97929,3,2003
6,All,All,766639,89398,4,2003
7,All,All,789857,87671,5,2003
8,All,All,798841,95435,6,2003
9,All,All,832075,102795,7,2003
10,All,All,831185,102145,8,2003
11,All,All,782264,90681,9,2003
12,All,All,818777,91820,10,2003
13,All,All,766266,91004,11,2003
14,All,All,798879,97094,12,2003
15,All,All,787719,98671,1,2004
16,All,All,762038,92915,2,2004
17,All,All,834912,101541,3,2004
18,All,All,818293,100027,4,2004
19,All,All,833861,102602,5,2004
20,All,All,837451,104769,6,2004
21,All,All,871526,113956,7,2004
22,All,All,883458,112497,8,2004
23,All,All,819715,96493,9,2004
24,All,All,861739,97757,10,2004
25,All,All,820586,96169,11,2004
26,All,All,836749,103282,12,2004
27,All,All,807817,104435,1,2005
28,All,All,761366,94597,2,2005
29,All,All,867055,108324,3,2005
30,All,All,838535,105103,4,2005
31,All,All,873425,108663,5,2005
32,All,All,863921,110219,6,2005
33,All,All,887493,118188,7,2005
34,All,All,891350,116031,8,2005
35,All,All,815316,101031,9,2005
36,All,All,831717,99765,10,2005
37,All,All,797856,96426,11,2005
38,All,All,802522,104899,12,2005
39,All,All,785817,106320,1,2006
40,All,All,716229,96254,2,2006
41,All,All,824241,110615,3,2006
42,All,All,794799,107878,4,2006
43,All,All,824452,108911,5,2006
44,All,All,820712,111788,6,2006
45,All,All,852500,119813,7,2006
46,All,All,866941,118451,8,2006
47,All,All,800175,104855,9,2006
48,All,All,828582,103471,10,2006
49,All,All,792846,100564,11,2006
50,All,All,805456,110289,12,2006
51,All,All,804290,110453,1,2007
52,All,All,724968,99896,2,2007
53,All,All,830718,114004,3,2007
54,All,All,809999,110511,4,2007
55,All,All,844412,111809,5,2007
56,All,All,832520,114555,6,2007
57,All,All,864001,122527,7,2007
58,All,All,872656,121949,8,2007
59,All,All,805360,106044,9,2007
60,All,All,841460,106443,10,2007
61,All,All,804957,104662,11,2007
62,All,All,804237,113110,12,2007
63,All,All,793595,113045,1,2008
64,All,All,746895,106644,2,2008
65,All,All,817736,117470,3,2008
66,All,All,799847,113495,4,2008
67,All,All,820332,114686,5,2008
68,All,All,816138,116272,6,2008
69,All,All,844962,122974,7,2008
70,All,All,823729,121976,8,2008
71,All,All,728544,101441,9,2008
72,All,All,758740,102984,10,2008
73,All,All,707430,100507,11,2008
74,All,All,720279,107283,12,2008
75,All,All,710155,109016,1,2009
76,All,All,660098,98596,2,2009
77,All,All,747568,111898,3,2009
78,All,All,729067,108439,4,2009
79,All,All,749196,99434,5,2009
80,All,All,760357,106627,6,2009
81,All,All,794188,115443,7,2009
82,All,All,781510,113768,8,2009
83,All,All,709954,97400,9,2009
84,All,All,726799,98788,10,2009
85,All,All,694945,97589,11,2009
86,All,All,705101,106367,12,2009
87,All,All,695109,108804,1,2010
88,All,All,623211,96264,2,2010
89,All,All,740135,111927,3,2010
90,All,All,722797,106640,4,2010
91,All,All,741802,110374,5,2010
92,All,All,751554,113690,6,2010
93,All,All,782645,122866,7,2010
94,All,All,781584,117795,8,2010
95,All,All,718801,100656,9,2010
96,All,All,737409,103417,10,2010
97,All,All,704530,98623,11,2010
98,All,All,702788,106912,12,2010
99,All,All,681361,109621,1,2011
100,All,All,625691,98560,2,2011
101,All,All,754851,114192,3,2011
102,All,All,720272,110620,4,2011
103,All,All,743929,109856,5,2011
104,All,All,756838,112313,6,2011
105,All,All,783938,122315,7,2011
106,All,All,768089,116831,8,2011
107,All,All,706499,104962,9,2011
108,All,All,723342,106471,10,2011
109,All,All,682775,101704,11,2011
110,All,All,701502,111934,12,2011
111,All,All,677862,111741,1,2012
112,All,All,647146,104745,2,2012
113,All,All,728770,117555,3,2012
114,All,All,707126,112750,4,2012
115,All,All,725850,114385,5,2012
116,All,All,735215,117309,6,2012
117,All,All,757577,124934,7,2012
118,All,All,753520,123078,8,2012
119,All,All,678061,107311,9,2012
120,All,All,694790,106620,10,2012
121,All,All,669357,104854,11,2012
122,All,All,670926,113805,12,2012
123,All,All,662137,115425,1,2013
124,All,All,607674,103764,2,2013
125,All,All,710251,120765,3,2013
126,All,All,693969,115552,4,2013
127,All,All,721525,118763,5,2013
128,All,All,719431,119376,6,2013
129,All,All,751574,127554,7,2013
130,All,All,747152,125665,8,2013
131,All,All,683465,106028,9,2013
132,All,All,708485,111647,10,2013
133,All,All,655857,105703,11,2013
134,All,All,662418,114664,12,2013
135,All,All,624949,116059,1,2014
136,All,All,577281,103775,2,2014
137,All,All,696466,124874,3,2014
138,All,All,676427,119965,4,2014
139,All,All,695942,122279,5,2014
140,All,All,702089,126102,6,2014
141,All,All,735523,134191,7,2014
142,All,All,724088,130211,8,2014
143,All,All,665581,111093,9,2014
144,All,All,694036,112478,10,2014
145,All,All,649019,110523,11,2014
146,All,All,666401,121656,12,2014
147,All,All,634868,120629,1,2015
148,All,All,570076,107407,2,2015
149,All,All,684009,124658,3,2015
150,All,All,669870,122749,4,2015
151,All,All,690229,125341,5,2015
152,All,All,697511,127980,6,2015
153,All,All,732894,137374,7,2015
154,All,All,724134,134508,8,2015
155,All,All,658506,115656,9,2015
156,All,All,687829,117640,10,2015
157,All,All,651293,112599,11,2015
158,All,All,659939,125812,12,2015
159,All,All,636891,124547,1,2016
160,All,All,612253,115833,2,2016
161,All,All,697950,129858,3,2016
162,All,All,675684,125563,4,2016
163,All,All,702400,129532,5,2016
164,All,All,712818,134102,6,2016
165,All,All,730227,141554,7,2016
166,All,All,731337,137972,8,2016
167,All,All,672465,120938,9,2016
168,All,All,687972,121745,10,2016
169,All,All,657984,115950,11,2016
170,All,All,662013,131692,12,2016
171,All,All,645111,130475,1,2017
172,All,All,591980,115773,2,2017
173,All,All,697509,133546,3,2017
174,All,All,673293,132078,4,2017
175,All,AllUS,815032,53708,10,2002
176,All,AllUS,766327,53279,11,2002
177,All,AllUS,781653,57219,12,2002
178,All,AllUS,785160,57667,1,2003
179,All,AllUS,690351,51259,2,2003
180,All,AllUS,797194,58926,3,2003
181,All,AllUS,766260,55005,4,2003
182,All,AllUS,789397,55265,5,2003
183,All,AllUS,798351,58225,6,2003
184,All,AllUS,831619,62957,7,2003
185,All,AllUS,830737,63760,8,2003
186,All,AllUS,781804,54017,9,2003
187,All,AllUS,818308,54272,10,2003
188,All,AllUS,765842,53817,11,2003
189,All,AllUS,798392,57578,12,2003
190,All,AllUS,787237,58293,1,2004
191,All,AllUS,761618,55822,2,2004
192,All,AllUS,834476,60649,3,2004
193,All,AllUS,817899,60455,4,2004
194,All,AllUS,833350,62596,5,2004
195,All,AllUS,836916,64256,6,2004
196,All,AllUS,871049,69890,7,2004
197,All,AllUS,882979,68332,8,2004
198,All,AllUS,819294,56541,9,2004
199,All,AllUS,861291,58659,10,2004
200,All,AllUS,820048,58312,11,2004
201,All,AllUS,836232,63469,12,2004
202,All,AllUS,807338,64803,1,2005
203,All,AllUS,760955,59351,2,2005
204,All,AllUS,866593,68802,3,2005
205,All,AllUS,838122,66430,4,2005
206,All,AllUS,872961,68225,5,2005
207,All,AllUS,863422,69814,6,2005
208,All,AllUS,887084,74818,7,2005
209,All,AllUS,890938,73164,8,2005
210,All,AllUS,814935,61812,9,2005
211,All,AllUS,831265,61017,10,2005
212,All,AllUS,797460,59265,11,2005
213,All,AllUS,802067,65240,12,2005
214,All,AllUS,785364,66236,1,2006
215,All,AllUS,715843,60661,2,2006
216,All,AllUS,823793,70264,3,2006
217,All,AllUS,794390,68537,4,2006
218,All,AllUS,824051,68676,5,2006
219,All,AllUS,820310,71424,6,2006
220,All,AllUS,852114,76301,7,2006
221,All,AllUS,866551,74735,8,2006
222,All,AllUS,799777,62710,9,2006
223,All,AllUS,828218,63105,10,2006
224,All,AllUS,792523,61823,11,2006
225,All,AllUS,805058,68978,12,2006
226,All,AllUS,803924,69634,1,2007
227,All,AllUS,724657,62711,2,2007
228,All,AllUS,830373,72367,3,2007
229,All,AllUS,809663,70037,4,2007
230,All,AllUS,844074,70437,5,2007
231,All,AllUS,832163,72797,6,2007
232,All,AllUS,863658,77533,7,2007
233,All,AllUS,872349,76818,8,2007
234,All,AllUS,805066,64283,9,2007
235,All,AllUS,841179,64536,10,2007
236,All,AllUS,804635,64236,11,2007
237,All,AllUS,803981,70325,12,2007
238,All,AllUS,793275,70805,1,2008
239,All,AllUS,746679,66402,2,2008
240,All,AllUS,817511,74449,3,2008
241,All,AllUS,799664,70840,4,2008
242,All,AllUS,820114,71787,5,2008
243,All,AllUS,815914,72783,6,2008
244,All,AllUS,844737,77244,7,2008
245,All,AllUS,823517,75242,8,2008
246,All,AllUS,728377,59708,9,2008
247,All,AllUS,758538,60997,10,2008
248,All,AllUS,707246,60687,11,2008
249,All,AllUS,720062,65422,12,2008
250,All,AllUS,709933,66971,1,2009
251,All,AllUS,659899,61219,2,2009
252,All,AllUS,747363,69764,3,2009
253,All,AllUS,728856,67069,4,2009
254,All,AllUS,748984,63841,5,2009
255,All,AllUS,760136,66341,6,2009
256,All,AllUS,793994,71164,7,2009
257,All,AllUS,781315,70022,8,2009
258,All,AllUS,709793,57696,9,2009
259,All,AllUS,726573,58273,10,2009
260,All,AllUS,694749,58724,11,2009
261,All,AllUS,704840,64801,12,2009
262,All,AllUS,694852,66583,1,2010
263,All,AllUS,622999,59833,2,2010
264,All,AllUS,739894,69737,3,2010
265,All,AllUS,722566,66054,4,2010
266,All,AllUS,741574,68031,5,2010
267,All,AllUS,751326,70427,6,2010
268,All,AllUS,782439,76123,7,2010
269,All,AllUS,781423,72823,8,2010
270,All,AllUS,718643,60368,9,2010
271,All,AllUS,737224,62454,10,2010
272,All,AllUS,704372,60704,11,2010
273,All,AllUS,702581,66014,12,2010
274,All,AllUS,681152,68426,1,2011
275,All,AllUS,625530,61615,2,2011
276,All,AllUS,754669,71925,3,2011
277,All,AllUS,720073,68663,4,2011
278,All,AllUS,743778,67680,5,2011
279,All,AllUS,756675,69903,6,2011
280,All,AllUS,783811,76305,7,2011
281,All,AllUS,767948,71574,8,2011
282,All,AllUS,706395,61645,9,2011
283,All,AllUS,723222,62821,10,2011
284,All,AllUS,682660,60778,11,2011
285,All,AllUS,701348,67821,12,2011
286,All,AllUS,677704,68013,1,2012
287,All,AllUS,647027,64878,2,2012
288,All,AllUS,728636,73363,3,2012
289,All,AllUS,706994,68925,4,2012
290,All,AllUS,725712,69813,5,2012
291,All,AllUS,735084,72160,6,2012
292,All,AllUS,757484,76163,7,2012
293,All,AllUS,753441,74196,8,2012
294,All,AllUS,677990,62528,9,2012
295,All,AllUS,694712,62790,10,2012
296,All,AllUS,669260,61817,11,2012
297,All,AllUS,670793,67858,12,2012
298,All,AllUS,662014,68653,1,2013
299,All,AllUS,607564,62950,2,2013
300,All,AllUS,710137,73801,3,2013
301,All,AllUS,693876,69117,4,2013
302,All,AllUS,721429,70699,5,2013
303,All,AllUS,719340,72922,6,2013
304,All,AllUS,751473,77429,7,2013
305,All,AllUS,747070,75176,8,2013
306,All,AllUS,683379,62011,9,2013
307,All,AllUS,708414,64554,10,2013
308,All,AllUS,655776,63286,11,2013
309,All,AllUS,662288,69136,12,2013
310,All,AllUS,624812,68624,1,2014
311,All,AllUS,577191,63469,2,2014
312,All,AllUS,696376,76064,3,2014
313,All,AllUS,676337,71580,4,2014
314,All,AllUS,695855,72994,5,2014
315,All,AllUS,701992,76431,6,2014
316,All,AllUS,735424,80457,7,2014
317,All,AllUS,723997,76481,8,2014
318,All,AllUS,665490,62408,9,2014
319,All,AllUS,693925,63369,10,2014
320,All,AllUS,648891,64800,11,2014
321,All,AllUS,666264,71191,12,2014
322,All,AllUS,634734,69893,1,2015
323,All,AllUS,569972,62648,2,2015
324,All,AllUS,683892,72926,3,2015
325,All,AllUS,669783,70846,4,2015
326,All,AllUS,690115,71597,5,2015
327,All,AllUS,697378,74020,6,2015
328,All,AllUS,732753,78536,7,2015
329,All,AllUS,723998,75991,8,2015
330,All,AllUS,658392,62367,9,2015
331,All,AllUS,687710,63662,10,2015
332,All,AllUS,651176,63492,11,2015
333,All,AllUS,659785,70945,12,2015
334,All,AllUS,636745,70476,1,2016
335,All,AllUS,612142,65871,2,2016
336,All,AllUS,697812,74166,3,2016
337,All,AllUS,675552,71002,4,2016
338,All,AllUS,702268,72121,5,2016
339,All,AllUS,712670,75061,6,2016
340,All,AllUS,730051,78724,7,2016
341,All,AllUS,731189,74894,8,2016
342,All,AllUS,672330,62582,9,2016
343,All,AllUS,687837,63260,10,2016
344,All,AllUS,657846,61188,11,2016
345,All,AllUS,661863,72280,12,2016
346,All,AllUS,644970,71242,1,2017
347,All,AllUS,591850,63807,2,2017
348,All,AllUS,697353,73727,3,2017
349,All,AllUS,673177,72110,4,2017
350,All,AllForeign,457,38857,10,2002
351,All,AllForeign,448,38063,11,2002
352,All,AllForeign,522,39662,12,2002
353,All,AllForeign,491,40386,1,2003
354,All,AllForeign,399,34706,2,2003
355,All,AllForeign,440,39003,3,2003
356,All,AllForeign,379,34393,4,2003
357,All,AllForeign,460,32406,5,2003
358,All,AllForeign,490,37210,6,2003
359,All,AllForeign,456,39838,7,2003
360,All,AllForeign,448,38385,8,2003
361,All,AllForeign,460,36664,9,2003
362,All,AllForeign,469,37548,10,2003
363,All,AllForeign,424,37187,11,2003
364,All,AllForeign,487,39516,12,2003
365,All,AllForeign,482,40378,1,2004
366,All,AllForeign,420,37093,2,2004
367,All,AllForeign,436,40892,3,2004
368,All,AllForeign,394,39572,4,2004
369,All,AllForeign,511,40006,5,2004
370,All,AllForeign,535,40513,6,2004
371,All,AllForeign,477,44066,7,2004
372,All,AllForeign,479,44165,8,2004
373,All,AllForeign,421,39952,9,2004
374,All,AllForeign,448,39098,10,2004
375,All,AllForeign,538,37857,11,2004
376,All,AllForeign,517,39813,12,2004
377,All,AllForeign,479,39632,1,2005
378,All,AllForeign,411,35246,2,2005
379,All,AllForeign,462,39522,3,2005
380,All,AllForeign,413,38673,4,2005
381,All,AllForeign,464,40438,5,2005
382,All,AllForeign,499,40405,6,2005
383,All,AllForeign,409,43370,7,2005
384,All,AllForeign,412,42867,8,2005
385,All,AllForeign,381,39219,9,2005
386,All,AllForeign,452,38748,10,2005
387,All,AllForeign,396,37161,11,2005
388,All,AllForeign,455,39659,12,2005
389,All,AllForeign,453,40084,1,2006
390,All,AllForeign,386,35593,2,2006
391,All,AllForeign,448,40351,3,2006
392,All,AllForeign,409,39341,4,2006
393,All,AllForeign,401,40235,5,2006
394,All,AllForeign,402,40364,6,2006
395,All,AllForeign,386,43512,7,2006
396,All,AllForeign,390,43716,8,2006
397,All,AllForeign,398,42145,9,2006
398,All,AllForeign,364,40366,10,2006
399,All,AllForeign,323,38741,11,2006
400,All,AllForeign,398,41311,12,2006
401,All,AllForeign,366,40819,1,2007
402,All,AllForeign,311,37185,2,2007
403,All,AllForeign,345,41637,3,2007
404,All,AllForeign,336,40474,4,2007
405,All,AllForeign,338,41372,5,2007
406,All,AllForeign,357,41758,6,2007
407,All,AllForeign,343,44994,7,2007
408,All,AllForeign,307,45131,8,2007
409,All,AllForeign,294,41761,9,2007
410,All,AllForeign,281,41907,10,2007
411,All,AllForeign,322,40426,11,2007
412,All,AllForeign,256,42785,12,2007
413,All,AllForeign,320,42240,1,2008
414,All,AllForeign,216,40242,2,2008
415,All,AllForeign,225,43021,3,2008
416,All,AllForeign,183,42655,4,2008
417,All,AllForeign,218,42899,5,2008
418,All,AllForeign,224,43489,6,2008
419,All,AllForeign,225,45730,7,2008
420,All,AllForeign,212,46734,8,2008
421,All,AllForeign,167,41733,9,2008
422,All,AllForeign,202,41987,10,2008
423,All,AllForeign,184,39820,11,2008
424,All,AllForeign,217,41861,12,2008
425,All,AllForeign,222,42045,1,2009
426,All,AllForeign,199,37377,2,2009
427,All,AllForeign,205,42134,3,2009
428,All,AllForeign,211,41370,4,2009
429,All,AllForeign,212,35593,5,2009
430,All,AllForeign,221,40286,6,2009
431,All,AllForeign,194,44279,7,2009
432,All,AllForeign,195,43746,8,2009
433,All,AllForeign,161,39704,9,2009
434,All,AllForeign,226,40515,10,2009
435,All,AllForeign,196,38865,11,2009
436,All,AllForeign,261,41566,12,2009
437,All,AllForeign,257,42221,1,2010
438,All,AllForeign,212,36431,2,2010
439,All,AllForeign,241,42190,3,2010
440,All,AllForeign,231,40586,4,2010
441,All,AllForeign,228,42343,5,2010
442,All,AllForeign,228,43263,6,2010
443,All,AllForeign,206,46743,7,2010
444,All,AllForeign,161,44972,8,2010
445,All,AllForeign,158,40288,9,2010
446,All,AllForeign,185,40963,10,2010
447,All,AllForeign,158,37919,11,2010
448,All,AllForeign,207,40898,12,2010
449,All,AllForeign,209,41195,1,2011
450,All,AllForeign,161,36945,2,2011
451,All,AllForeign,182,42267,3,2011
452,All,AllForeign,199,41957,4,2011
453,All,AllForeign,151,42176,5,2011
454,All,AllForeign,163,42410,6,2011
455,All,AllForeign,127,46010,7,2011
456,All,AllForeign,141,45257,8,2011
457,All,AllForeign,104,43317,9,2011
458,All,AllForeign,120,43650,10,2011
459,All,AllForeign,115,40926,11,2011
460,All,AllForeign,154,44113,12,2011
461,All,AllForeign,158,43728,1,2012
462,All,AllForeign,119,39867,2,2012
463,All,AllForeign,134,44192,3,2012
464,All,AllForeign,132,43825,4,2012
465,All,AllForeign,138,44572,5,2012
466,All,AllForeign,131,45149,6,2012
467,All,AllForeign,93,48771,7,2012
468,All,AllForeign,79,48882,8,2012
469,All,AllForeign,71,44783,9,2012
470,All,AllForeign,78,43830,10,2012
471,All,AllForeign,97,43037,11,2012
472,All,AllForeign,133,45947,12,2012
473,All,AllForeign,123,46772,1,2013
474,All,AllForeign,110,40814,2,2013
475,All,AllForeign,114,46964,3,2013
476,All,AllForeign,93,46435,4,2013
477,All,AllForeign,96,48064,5,2013
478,All,AllForeign,91,46454,6,2013
479,All,AllForeign,101,50125,7,2013
480,All,AllForeign,82,50489,8,2013
481,All,AllForeign,86,44017,9,2013
482,All,AllForeign,71,47093,10,2013
483,All,AllForeign,81,42417,11,2013
484,All,AllForeign,130,45528,12,2013
485,All,AllForeign,137,47435,1,2014
486,All,AllForeign,90,40306,2,2014
487,All,AllForeign,90,48810,3,2014
488,All,AllForeign,90,48385,4,2014
489,All,AllForeign,87,49285,5,2014
490,All,AllForeign,97,49671,6,2014
491,All,AllForeign,99,53734,7,2014
492,All,AllForeign,91,53730,8,2014
493,All,AllForeign,91,48685,9,2014
494,All,AllForeign,111,49109,10,2014
495,All,AllForeign,128,45723,11,2014
496,All,AllForeign,137,50465,12,2014
497,All,AllForeign,134,50736,1,2015
498,All,AllForeign,104,44759,2,2015
499,All,AllForeign,117,51732,3,2015
500,All,AllForeign,87,51903,4,2015
501,All,AllForeign,114,53744,5,2015
502,All,AllForeign,133,53960,6,2015
503,All,AllForeign,141,58838,7,2015
504,All,AllForeign,136,58517,8,2015
505,All,AllForeign,114,53289,9,2015
506,All,AllForeign,119,53978,10,2015
507,All,AllForeign,117,49107,11,2015
508,All,AllForeign,154,54867,12,2015
509,All,AllForeign,146,54071,1,2016
510,All,AllForeign,111,49962,2,2016
511,All,AllForeign,138,55692,3,2016
512,All,AllForeign,132,54561,4,2016
513,All,AllForeign,132,57411,5,2016
514,All,AllForeign,148,59041,6,2016
515,All,AllForeign,176,62830,7,2016
516,All,AllForeign,148,63078,8,2016
517,All,AllForeign,135,58356,9,2016
518,All,AllForeign,135,58485,10,2016
519,All,AllForeign,138,54762,11,2016
520,All,AllForeign,150,59412,12,2016
521,All,AllForeign,141,59233,1,2017
522,All,AllForeign,130,51966,2,2017
523,All,AllForeign,156,59819,3,2017
524,All,AllForeign,116,59968,4,2017
525,All,AS,12931,1482,10,2002
526,All,AS,12004,1795,11,2002
527,All,AS,12627,1865,12,2002
528,All,AS,12421,1799,1,2003
529,All,AS,11151,1673,2,2003
530,All,AS,12551,1878,3,2003
531,All,AS,12510,1765,4,2003
532,All,AS,13508,1541,5,2003
533,All,AS,14557,1546,6,2003
534,All,AS,15488,1675,7,2003
535,All,AS,15432,1690,8,2003
536,All,AS,13419,1400,9,2003
537,All,AS,13450,1487,10,2003
538,All,AS,12581,1752,11,2003
539,All,AS,13257,1833,12,2003
540,All,AS,12314,1796,1,2004
541,All,AS,12259,1699,2,2004
542,All,AS,13481,1823,3,2004
543,All,AS,13176,1707,4,2004
544,All,AS,14048,1503,5,2004
545,All,AS,14600,1589,6,2004
546,All,AS,15454,1690,7,2004
547,All,AS,15401,1691,8,2004
548,All,AS,13656,1470,9,2004
549,All,AS,13534,1456,10,2004
550,All,AS,12701,1760,11,2004
551,All,AS,13096,1806,12,2004
552,All,AS,12796,1783,1,2005
553,All,AS,11770,1674,2,2005
554,All,AS,13065,1926,3,2005
555,All,AS,12534,1867,4,2005
556,All,AS,12522,1669,5,2005
557,All,AS,13417,1516,6,2005
558,All,AS,14251,1569,7,2005
559,All,AS,14263,1695,8,2005
560,All,AS,13021,1537,9,2005
561,All,AS,13116,1546,10,2005
562,All,AS,12304,1860,11,2005
563,All,AS,12772,1954,12,2005
564,All,AS,12572,1979,1,2006
565,All,AS,11397,1750,2,2006
566,All,AS,12946,1970,3,2006
567,All,AS,12630,1901,4,2006
568,All,AS,13414,1548,5,2006
569,All,AS,13897,1497,6,2006
570,All,AS,14514,1601,7,2006
571,All,AS,14612,1604,8,2006
572,All,AS,13180,1433,9,2006
573,All,AS,13165,1541,10,2006
574,All,AS,12287,1970,11,2006
575,All,AS,12708,2062,12,2006
576,All,AS,12468,2044,1,2007
577,All,AS,11492,1843,2,2007
578,All,AS,12812,2059,3,2007
579,All,AS,12658,1962,4,2007
580,All,AS,13968,1581,5,2007
581,All,AS,14179,1539,6,2007
582,All,AS,14648,1537,7,2007
583,All,AS,14611,1532,8,2007
584,All,AS,13376,1441,9,2007
585,All,AS,13231,1532,10,2007
586,All,AS,12262,1820,11,2007
587,All,AS,12769,1884,12,2007
588,All,AS,12506,1870,1,2008
589,All,AS,11795,1753,2,2008
590,All,AS,12804,1881,3,2008
591,All,AS,12471,1768,4,2008
592,All,AS,13117,1454,5,2008
593,All,AS,13388,1291,6,2008
594,All,AS,14200,1255,7,2008
595,All,AS,13738,1176,8,2008
596,All,AS,12112,913,9,2008
597,All,AS,12306,952,10,2008
598,All,AS,11061,1174,11,2008
599,All,AS,10847,1258,12,2008
600,All,AS,11071,1276,1,2009
601,All,AS,10183,1142,2,2009
602,All,AS,11114,1264,3,2009
603,All,AS,11029,1226,4,2009
604,All,AS,11809,1004,5,2009
605,All,AS,12127,926,6,2009
606,All,AS,12760,761,7,2009
607,All,AS,12618,744,8,2009
608,All,AS,11222,685,9,2009
609,All,AS,11409,724,10,2009
610,All,AS,10415,1082,11,2009
611,All,AS,10716,1252,12,2009
612,All,AS,10482,1215,1,2010
613,All,AS,9482,1056,2,2010
614,All,AS,10914,1183,3,2010
615,All,AS,10730,1173,4,2010
616,All,AS,11584,1007,5,2010
617,All,AS,12339,845,6,2010
618,All,AS,12934,856,7,2010
619,All,AS,12843,850,8,2010
620,All,AS,11521,808,9,2010
621,All,AS,11623,903,10,2010
622,All,AS,11050,1106,11,2010
623,All,AS,11465,1273,12,2010
624,All,AS,11400,1251,1,2011
625,All,AS,10355,1212,2,2011
626,All,AS,11878,1367,3,2011
627,All,AS,11703,1317,4,2011
628,All,AS,12136,1086,5,2011
629,All,AS,12836,991,6,2011
630,All,AS,13304,1036,7,2011
631,All,AS,13260,1018,8,2011
632,All,AS,11806,960,9,2011
633,All,AS,11894,998,10,2011
634,All,AS,11193,1174,11,2011
635,All,AS,11446,1253,12,2011
636,All,AS,11017,1261,1,2012
637,All,AS,10753,1181,2,2012
638,All,AS,12020,1323,3,2012
639,All,AS,11899,1243,4,2012
640,All,AS,12610,1041,5,2012
641,All,AS,13278,957,6,2012
642,All,AS,13816,974,7,2012
643,All,AS,13655,958,8,2012
644,All,AS,11941,898,9,2012
645,All,AS,11947,990,10,2012
646,All,AS,11723,1066,11,2012
647,All,AS,11997,1196,12,2012
648,All,AS,11985,1198,1,2013
649,All,AS,10869,1086,2,2013
650,All,AS,12662,1297,3,2013
651,All,AS,12562,1204,4,2013
652,All,AS,13061,1067,5,2013
653,All,AS,13988,1083,6,2013
654,All,AS,14730,1116,7,2013
655,All,AS,14505,1090,8,2013
656,All,AS,12632,892,9,2013
657,All,AS,12639,948,10,2013
658,All,AS,12299,1181,11,2013
659,All,AS,12527,1182,12,2013
660,All,AS,12277,1210,1,2014
661,All,AS,11230,1094,2,2014
662,All,AS,12907,1249,3,2014
663,All,AS,12666,1206,4,2014
664,All,AS,13228,1041,5,2014
665,All,AS,14156,1086,6,2014
666,All,AS,14984,1136,7,2014
667,All,AS,15086,1061,8,2014
668,All,AS,13282,669,9,2014
669,All,AS,13386,657,10,2014
670,All,AS,13038,1052,11,2014
671,All,AS,13598,1182,12,2014
672,All,AS,13231,1136,1,2015
673,All,AS,12139,980,2,2015
674,All,AS,14303,1180,3,2015
675,All,AS,13942,1078,4,2015
676,All,AS,14672,831,5,2015
677,All,AS,15039,781,6,2015
678,All,AS,15814,772,7,2015
679,All,AS,16089,794,8,2015
680,All,AS,14257,703,9,2015
681,All,AS,14458,845,10,2015
682,All,AS,13956,1139,11,2015
683,All,AS,14469,1256,12,2015
684,All,AS,14113,1253,1,2016
685,All,AS,13382,1150,2,2016
686,All,AS,14761,1268,3,2016
687,All,AS,14673,1132,4,2016
688,All,AS,15396,890,5,2016
689,All,AS,15737,934,6,2016
690,All,AS,16271,992,7,2016
691,All,AS,16519,963,8,2016
692,All,AS,13873,920,9,2016
693,All,AS,14059,1118,10,2016
694,All,AS,13953,1230,11,2016
695,All,AS,14409,1394,12,2016
696,All,AS,14525,1399,1,2017
697,All,AS,13108, ,2,2017
698,All,AS,15379, ,3,2017
699,All,AS,15239, ,4,2017
700,All,G4,155, ,10,2002
701,All,G4,157, ,11,2002
702,All,G4,155, ,12,2002
703,All,G4,134, ,1,2003
704,All,G4,105, ,2,2003
705,All,G4,148, ,3,2003
706,All,G4,144, ,4,2003
707,All,G4,147, ,5,2003
708,All,G4,164, ,6,2003
709,All,G4,249, ,7,2003
710,All,G4,299, ,8,2003
711,All,G4,279, ,9,2003
712,All,G4,301, ,10,2003
713,All,G4,293, ,11,2003
714,All,G4,298, ,12,2003
715,All,G4,253, ,1,2004
716,All,G4,278, ,2,2004
717,All,G4,355, ,3,2004
718,All,G4,340, ,4,2004
719,All,G4,368, ,5,2004
720,All,G4,333, ,6,2004
721,All,G4,373, ,7,2004
722,All,G4,423, ,8,2004
723,All,G4,425, ,9,2004
724,All,G4,486,1,10,2004
725,All,G4,479, ,11,2004
726,All,G4,527, ,12,2004
727,All,G4,476, ,1,2005
728,All,G4,429, ,2,2005
729,All,G4,510, ,3,2005
730,All,G4,499, ,4,2005
731,All,G4,594, ,5,2005
732,All,G4,808,8,6,2005
733,All,G4,808, ,7,2005
734,All,G4,780, ,8,2005
735,All,G4,740, ,9,2005
736,All,G4,816, ,10,2005
737,All,G4,877, ,11,2005
738,All,G4,1124, ,12,2005
739,All,G4,1206, ,1,2006
740,All,G4,1206, ,2,2006
741,All,G4,1392, ,3,2006
742,All,G4,1318, ,4,2006
743,All,G4,1236, ,5,2006
744,All,G4,1436, ,6,2006
745,All,G4,1533, ,7,2006
746,All,G4,1431, ,8,2006
747,All,G4,1162, ,9,2006
748,All,G4,1257, ,10,2006
749,All,G4,1523, ,11,2006
750,All,G4,1860, ,12,2006
751,All,G4,1704, ,1,2007
752,All,G4,1753, ,2,2007
753,All,G4,2196, ,3,2007
754,All,G4,2030, ,4,2007
755,All,G4,1859, ,5,2007
756,All,G4,2168, ,6,2007
757,All,G4,2353, ,7,2007
758,All,G4,1992, ,8,2007
759,All,G4,1575, ,9,2007
760,All,G4,1810, ,10,2007
761,All,G4,2494, ,11,2007
762,All,G4,2910, ,12,2007
763,All,G4,2485, ,1,2008
764,All,G4,2557, ,2,2008
765,All,G4,3181, ,3,2008
766,All,G4,2546, ,4,2008
767,All,G4,2579, ,5,2008
768,All,G4,2688, ,6,2008
769,All,G4,2565, ,7,2008
770,All,G4,2200, ,8,2008
771,All,G4,1382, ,9,2008
772,All,G4,1804, ,10,2008
773,All,G4,2352, ,11,2008
774,All,G4,2947, ,12,2008
775,All,G4,2549, ,1,2009
776,All,G4,2715, ,2,2009
777,All,G4,3776, ,3,2009
778,All,G4,3325, ,4,2009
779,All,G4,3256, ,5,2009
780,All,G4,3659, ,6,2009
781,All,G4,3752, ,7,2009
782,All,G4,3160, ,8,2009
783,All,G4,2169, ,9,2009
784,All,G4,2407, ,10,2009
785,All,G4,2783, ,11,2009
786,All,G4,3184, ,12,2009
787,All,G4,2899, ,1,2010
788,All,G4,2997, ,2,2010
789,All,G4,4070, ,3,2010
790,All,G4,3580, ,4,2010
791,All,G4,3317, ,5,2010
792,All,G4,3800, ,6,2010
793,All,G4,4629, ,7,2010
794,All,G4,3868, ,8,2010
795,All,G4,2657, ,9,2010
796,All,G4,2870, ,10,2010
797,All,G4,3094, ,11,2010
798,All,G4,3687, ,12,2010
799,All,G4,3303, ,1,2011
800,All,G4,2995,2,2,2011
801,All,G4,4151, ,3,2011
802,All,G4,3567, ,4,2011
803,All,G4,3154, ,5,2011
804,All,G4,3905, ,6,2011
805,All,G4,4552, ,7,2011
806,All,G4,3435, ,8,2011
807,All,G4,2652, ,9,2011
808,All,G4,3030, ,10,2011
809,All,G4,3275, ,11,2011
810,All,G4,3927, ,12,2011
811,All,G4,3628, ,1,2012
812,All,G4,3611, ,2,2012
813,All,G4,5107, ,3,2012
814,All,G4,4269, ,4,2012
815,All,G4,3677, ,5,2012
816,All,G4,4039, ,6,2012
817,All,G4,4485, ,7,2012
818,All,G4,3755, ,8,2012
819,All,G4,2889, ,9,2012
820,All,G4,3283, ,10,2012
821,All,G4,3705, ,11,2012
822,All,G4,4041, ,12,2012
823,All,G4,3566, ,1,2013
824,All,G4,3587, ,2,2013
825,All,G4,5162, ,3,2013
826,All,G4,3987, ,4,2013
827,All,G4,3946, ,5,2013
828,All,G4,4599, ,6,2013
829,All,G4,4812, ,7,2013
830,All,G4,3618, ,8,2013
831,All,G4,2659, ,9,2013
832,All,G4,3133, ,10,2013
833,All,G4,3841, ,11,2013
834,All,G4,4631, ,12,2013
835,All,G4,4098, ,1,2014
836,All,G4,4055, ,2,2014
837,All,G4,5507, ,3,2014
838,All,G4,4372, ,4,2014
839,All,G4,4311, ,5,2014
840,All,G4,5238, ,6,2014
841,All,G4,5329, ,7,2014
842,All,G4,4291, ,8,2014
843,All,G4,3059, ,9,2014
844,All,G4,3970, ,10,2014
845,All,G4,4265, ,11,2014
846,All,G4,4950, ,12,2014
847,All,G4,4389, ,1,2015
848,All,G4,4500, ,2,2015
849,All,G4,6172, ,3,2015
850,All,G4,5251, ,4,2015
851,All,G4,5121, ,5,2015
852,All,G4,6282, ,6,2015
853,All,G4,6893, ,7,2015
854,All,G4,5581, ,8,2015
855,All,G4,3816, ,9,2015
856,All,G4,5137, ,10,2015
857,All,G4,5443, ,11,2015
858,All,G4,6049, ,12,2015
859,All,G4,5299, ,1,2016
860,All,G4,5561, ,2,2016
861,All,G4,7034, ,3,2016
862,All,G4,5932, ,4,2016
863,All,G4,6168, ,5,2016
864,All,G4,7746,2,6,2016
865,All,G4,8263, ,7,2016
866,All,G4,6444, ,8,2016
867,All,G4,5372, ,9,2016
868,All,G4,6255, ,10,2016
869,All,G4,6269, ,11,2016
870,All,G4,7567, ,12,2016
871,All,G4,6451, ,1,2017
872,All,G4,6412, ,2,2017
873,All,G4,8171, ,3,2017
874,All,G4,7308, ,4,2017
875,All,AA,71507,12142,10,2002
876,All,AA,65868,11530,11,2002
877,All,AA,67672,12290,12,2002
878,All,AA,65960,12254,1,2003
879,All,AA,56960,10503,2,2003
880,All,AA,65168,11957,3,2003
881,All,AA,62117,11065,4,2003
882,All,AA,62611,10770,5,2003
883,All,AA,62115,11528,6,2003
884,All,AA,64980,12912,7,2003
885,All,AA,64236,12895,8,2003
886,All,AA,60134,11117,9,2003
887,All,AA,62989,11245,10,2003
888,All,AA,56146,11457,11,2003
889,All,AA,59292,12323,12,2003
890,All,AA,58732,12147,1,2004
891,All,AA,55969,11387,2,2004
892,All,AA,60276,12143,3,2004
893,All,AA,58345,11823,4,2004
894,All,AA,58058,11917,5,2004
895,All,AA,58002,12356,6,2004
896,All,AA,58843,13741,7,2004
897,All,AA,58920,13662,8,2004
898,All,AA,52464,10805,9,2004
899,All,AA,56305,11504,10,2004
900,All,AA,54869,11652,11,2004
901,All,AA,57650,12701,12,2004
902,All,AA,55726,12826,1,2005
903,All,AA,51555,11860,2,2005
904,All,AA,58185,13251,3,2005
905,All,AA,55573,12574,4,2005
906,All,AA,57145,12847,5,2005
907,All,AA,56984,13426,6,2005
908,All,AA,59168,14354,7,2005
909,All,AA,58124,13531,8,2005
910,All,AA,52814,11752,9,2005
911,All,AA,53325,11464,10,2005
912,All,AA,53344,11476,11,2005
913,All,AA,54072,12518,12,2005
914,All,AA,54210,12882,1,2006
915,All,AA,48771,11699,2,2006
916,All,AA,55481,13207,3,2006
917,All,AA,53271,12715,4,2006
918,All,AA,55002,13029,5,2006
919,All,AA,53404,12913,6,2006
920,All,AA,54287,13520,7,2006
921,All,AA,54654,13327,8,2006
922,All,AA,50982,11802,9,2006
923,All,AA,52849,11951,10,2006
924,All,AA,50264,11348,11,2006
925,All,AA,52526,12715,12,2006
926,All,AA,52739,12980,1,2007
927,All,AA,46687,11365,2,2007
928,All,AA,53432,12875,3,2007
929,All,AA,50822,12487,4,2007
930,All,AA,52800,12677,5,2007
931,All,AA,50597,12350,6,2007
932,All,AA,53125,12979,7,2007
933,All,AA,53110,12905,8,2007
934,All,AA,50533,11496,9,2007
935,All,AA,53086,11624,10,2007
936,All,AA,50747,11406,11,2007
937,All,AA,50937,12624,12,2007
938,All,AA,50905,12736,1,2008
939,All,AA,46513,11643,2,2008
940,All,AA,49437,12415,3,2008
941,All,AA,47765,11968,4,2008
942,All,AA,52310,12518,5,2008
943,All,AA,50175,12118,6,2008
944,All,AA,52392,12766,7,2008
945,All,AA,52247,12859,8,2008
946,All,AA,47601,10566,9,2008
947,All,AA,49556,10890,10,2008
948,All,AA,44537,11402,11,2008
949,All,AA,46472,11961,12,2008
950,All,AA,46183,12066,1,2009
951,All,AA,42031,10654,2,2009
952,All,AA,46938,11892,3,2009
953,All,AA,45069,11499,4,2009
954,All,AA,46198,11425,5,2009
955,All,AA,45168,11418,6,2009
956,All,AA,47268,12098,7,2009
957,All,AA,47151,11727,8,2009
958,All,AA,44007,10037,9,2009
959,All,AA,45514,10497,10,2009
960,All,AA,43619,10662,11,2009
961,All,AA,45131,11927,12,2009
962,All,AA,45545,11842,1,2010
963,All,AA,40142,10529,2,2010
964,All,AA,46963,12095,3,2010
965,All,AA,44521,11532,4,2010
966,All,AA,44949,12299,5,2010
967,All,AA,44173,12307,6,2010
968,All,AA,46117,13282,7,2010
969,All,AA,46122,12799,8,2010
970,All,AA,43268,10957,9,2010
971,All,AA,44396,11478,10,2010
972,All,AA,43094,11233,11,2010
973,All,AA,44697,12230,12,2010
974,All,AA,44782,12562,1,2011
975,All,AA,39189,11181,2,2011
976,All,AA,46034,12423,3,2011
977,All,AA,44236,11758,4,2011
978,All,AA,43937,12071,5,2011
979,All,AA,44959,12285,6,2011
980,All,AA,46435,13139,7,2011
981,All,AA,45552,12327,8,2011
982,All,AA,43411,10737,9,2011
983,All,AA,44337,11147,10,2011
984,All,AA,41353,10891,11,2011
985,All,AA,42745,12449,12,2011
986,All,AA,43139,12567,1,2012
987,All,AA,41446,11652,2,2012
988,All,AA,45567,12451,3,2012
989,All,AA,42425,11566,4,2012
990,All,AA,45084,12039,5,2012
991,All,AA,43178,12085,6,2012
992,All,AA,44515,13115,7,2012
993,All,AA,44018,12313,8,2012
994,All,AA,40677,10998,9,2012
995,All,AA,42071,11399,10,2012
996,All,AA,41689,11659,11,2012
997,All,AA,44037,12988,12,2012
998,All,AA,44107,12785,1,2013
999,All,AA,40076,11567,2,2013
1000,All,AA,45332,13100,3,2013
1001,All,AA,43469,12082,4,2013
1002,All,AA,45433,12601,5,2013
1003,All,AA,44895,12973,6,2013
1004,All,AA,46654,13895,7,2013
1005,All,AA,46595,13539,8,2013
1006,All,AA,42986,11159,9,2013
1007,All,AA,45244,11557,10,2013
1008,All,AA,42619,11679,11,2013
1009,All,AA,42876,13414,12,2013
1010,All,AA,43978,13427,1,2014
1011,All,AA,39248,11914,2,2014
1012,All,AA,45537,13526,3,2014
1013,All,AA,43630,12877,4,2014
1014,All,AA,44916,13085,5,2014
1015,All,AA,45663,13436,6,2014
1016,All,AA,47130,14057,7,2014
1017,All,AA,45957,13098,8,2014
1018,All,AA,43110,10995,9,2014
1019,All,AA,44856,11253,10,2014
1020,All,AA,42397,11996,11,2014
1021,All,AA,45150,13324,12,2014
1022,All,AA,43287,12960,1,2015
1023,All,AA,37396,11417,2,2015
1024,All,AA,44655,12867,3,2015
1025,All,AA,44663,12144,4,2015
1026,All,AA,44065,12673,5,2015
1027,All,AA,44042,13401,6,2015
1028,All,AA,81130,19027,7,2015
1029,All,AA,79263,17877,8,2015
1030,All,AA,73187,14636,9,2015
1031,All,AA,76790,14893,10,2015
1032,All,AA,73572,14795,11,2015
1033,All,AA,75602,17065,12,2015
1034,All,AA,73096,16163,1,2016
1035,All,AA,70596,14975,2,2016
1036,All,AA,78887,17062,3,2016
1037,All,AA,74412,16328,4,2016
1038,All,AA,78480,16373,5,2016
1039,All,AA,79164,17298,6,2016
1040,All,AA,80654,18349,7,2016
1041,All,AA,79138,16910,8,2016
1042,All,AA,72358,13707,9,2016
1043,All,AA,74458,14167,10,2016
1044,All,AA,71727,13751,11,2016
1045,All,AA,73393,16764,12,2016
1046,All,AA,72378,15749,1,2017
1047,All,AA,66463, ,2,2017
1048,All,AA,77089, ,3,2017
1049,All,AA,73099, ,4,2017
1050,All,DL,60691,4097,10,2002
1051,All,DL,57316,3822,11,2002
1052,All,DL,58234,3851,12,2002
1053,All,DL,59177,3822,1,2003
1054,All,DL,51166,3168,2,2003
1055,All,DL,57904,3619,3,2003
1056,All,DL,51740,3284,4,2003
1057,All,DL,52123,3320,5,2003
1058,All,DL,53524,3694,6,2003
1059,All,DL,55080,3885,7,2003
1060,All,DL,55822,4049,8,2003
1061,All,DL,53629,3900,9,2003
1062,All,DL,56374,3832,10,2003
1063,All,DL,54121,3619,11,2003
1064,All,DL,55768,3854,12,2003
1065,All,DL,55623,3758,1,2004
1066,All,DL,53479,3424,2,2004
1067,All,DL,58574,3692,3,2004
1068,All,DL,57034,4047,4,2004
1069,All,DL,58122,4346,5,2004
1070,All,DL,57390,4437,6,2004
1071,All,DL,58209,4619,7,2004
1072,All,DL,58254,4597,8,2004
1073,All,DL,52800,4326,9,2004
1074,All,DL,57833,4227,10,2004
1075,All,DL,55673,3909,11,2004
1076,All,DL,56593,4392,12,2004
1077,All,DL,54831,4336,1,2005
1078,All,DL,54023,3947,2,2005
1079,All,DL,59503,4658,3,2005
1080,All,DL,57192,4575,4,2005
1081,All,DL,58405,4891,5,2005
1082,All,DL,55511,4927,6,2005
1083,All,DL,56553,5165,7,2005
1084,All,DL,56616,5153,8,2005
1085,All,DL,48208,4903,9,2005
1086,All,DL,49981,4759,10,2005
1087,All,DL,47534,4303,11,2005
1088,All,DL,44871,5018,12,2005
1089,All,DL,44210,4933,1,2006
1090,All,DL,39463,4330,2,2006
1091,All,DL,45366,5471,3,2006
1092,All,DL,42586,5395,4,2006
1093,All,DL,41606,5726,5,2006
1094,All,DL,41545,6439,6,2006
1095,All,DL,42284,6922,7,2006
1096,All,DL,42765,6700,8,2006
1097,All,DL,39315,5495,9,2006
1098,All,DL,41557,5440,10,2006
1099,All,DL,40207,5206,11,2006
1100,All,DL,40000,6222,12,2006
1101,All,DL,38888,6229,1,2007
1102,All,DL,34898,5535,2,2007
1103,All,DL,40552,6433,3,2007
1104,All,DL,38728,6214,4,2007
1105,All,DL,38780,6396,5,2007
1106,All,DL,39831,7226,6,2007
1107,All,DL,41191,7631,7,2007
1108,All,DL,41585,7303,8,2007
1109,All,DL,38688,5855,9,2007
1110,All,DL,41106,5599,10,2007
1111,All,DL,39377,5564,11,2007
1112,All,DL,38668,6312,12,2007
1113,All,DL,37298,6101,1,2008
1114,All,DL,35935,5704,2,2008
1115,All,DL,39305,6586,3,2008
1116,All,DL,36967,6236,4,2008
1117,All,DL,36387,6594,5,2008
1118,All,DL,37670,7485,6,2008
1119,All,DL,38839,8256,7,2008
1120,All,DL,37836,7792,8,2008
1121,All,DL,36029,6041,9,2008
1122,All,DL,38549,5862,10,2008
1123,All,DL,36823,5711,11,2008
1124,All,DL,36565,6704,12,2008
1125,All,DL,35727,6383,1,2009
1126,All,DL,32459,5627,2,2009
1127,All,DL,35907,6454,3,2009
1128,All,DL,35136,6262,4,2009
1129,All,DL,35284,6314,5,2009
1130,All,DL,35385,7354,6,2009
1131,All,DL,37119,7903,7,2009
1132,All,DL,37139,7333,8,2009
1133,All,DL,34613,5894,9,2009
1134,All,DL,36563,5725,10,2009
1135,All,DL,35600,5489,11,2009
1136,All,DL,34582,6656,12,2009
1137,All,DL,56061,9321,1,2010
1138,All,DL,50092,8488,2,2010
1139,All,DL,59690,9838,3,2010
1140,All,DL,59271,8602,4,2010
1141,All,DL,61027,9228,5,2010
1142,All,DL,63222,10570,6,2010
1143,All,DL,64478,11484,7,2010
1144,All,DL,65066,10848,8,2010
1145,All,DL,61372,8654,9,2010
1146,All,DL,63029,8708,10,2010
1147,All,DL,59859,7999,11,2010
1148,All,DL,58350,8922,12,2010
1149,All,DL,55852,9433,1,2011
1150,All,DL,52259,8869,2,2011
1151,All,DL,62311,10527,3,2011
1152,All,DL,60131,9647,4,2011
1153,All,DL,62865,9475,5,2011
1154,All,DL,63783,10520,6,2011
1155,All,DL,66539,11461,7,2011
1156,All,DL,65237,10709,8,2011
1157,All,DL,59226,8689,9,2011
1158,All,DL,61212,8513,10,2011
1159,All,DL,58129,7452,11,2011
1160,All,DL,57426,8642,12,2011
1161,All,DL,55239,8871,1,2012
1162,All,DL,52037,8635,2,2012
1163,All,DL,60472,10356,3,2012
1164,All,DL,59461,9173,4,2012
1165,All,DL,61301,9524,5,2012
1166,All,DL,63297,10560,6,2012
1167,All,DL,65771,11131,7,2012
1168,All,DL,66746,10697,8,2012
1169,All,DL,61144,8796,9,2012
1170,All,DL,62824,8417,10,2012
1171,All,DL,60032,7657,11,2012
1172,All,DL,57389,8852,12,2012
1173,All,DL,57081,8683,1,2013
1174,All,DL,52443,8262,2,2013
1175,All,DL,63624,10018,3,2013
1176,All,DL,62354,9099,4,2013
1177,All,DL,64207,9717,5,2013
1178,All,DL,66266,10866,6,2013
1179,All,DL,69227,11927,7,2013
1180,All,DL,69479,11667,8,2013
1181,All,DL,62388,9669,9,2013
1182,All,DL,65587,9294,10,2013
1183,All,DL,61500,8654,11,2013
1184,All,DL,60717,9730,12,2013
1185,All,DL,56300,9944,1,2014
1186,All,DL,51726,9056,2,2014
1187,All,DL,67085,11108,3,2014
1188,All,DL,65806,10012,4,2014
1189,All,DL,68221,10613,5,2014
1190,All,DL,69904,11942,6,2014
1191,All,DL,72875,12804,7,2014
1192,All,DL,72902,12746,8,2014
1193,All,DL,67122,10459,9,2014
1194,All,DL,70812,9911,10,2014
1195,All,DL,67079,9173,11,2014
1196,All,DL,66621,10575,12,2014
1197,All,DL,63957,11441,1,2015
1198,All,DL,59378,9983,2,2015
1199,All,DL,73836,11797,3,2015
1200,All,DL,72219,11181,4,2015
1201,All,DL,74937,11743,5,2015
1202,All,DL,77368,12580,6,2015
1203,All,DL,80943,13462,7,2015
1204,All,DL,81178,13450,8,2015
1205,All,DL,72242,10808,9,2015
1206,All,DL,75652,10098,10,2015
1207,All,DL,72350,9395,11,2015
1208,All,DL,70846,10920,12,2015
1209,All,DL,68903,11834,1,2016
1210,All,DL,67661,10744,2,2016
1211,All,DL,78326,11733,3,2016
1212,All,DL,76677,11525,4,2016
1213,All,DL,80644,11884,5,2016
1214,All,DL,81770,12641,6,2016
1215,All,DL,83844,13534,7,2016
1216,All,DL,82950,13175,8,2016
1217,All,DL,75632,10963,9,2016
1218,All,DL,78599,10312,10,2016
1219,All,DL,74194,9061,11,2016
1220,All,DL,71642,11509,12,2016
1221,All,DL,69354,12069,1,2017
1222,All,DL,65129, ,2,2017
1223,All,DL,78839, ,3,2017
1224,All,DL,74141, ,4,2017
1225,All,MQ,37836,919,10,2002
1226,All,MQ,34740,830,11,2002
1227,All,MQ,34556,834,12,2002
1228,All,MQ,35522,901,1,2003
1229,All,MQ,30655,784,2,2003
1230,All,MQ,35494,910,3,2003
1231,All,MQ,33871,891,4,2003
1232,All,MQ,34649,905,5,2003
1233,All,MQ,34453,872,6,2003
1234,All,MQ,31151,669,7,2003
1235,All,MQ,35147,868,8,2003
1236,All,MQ,34376,755,9,2003
1237,All,MQ,36171,830,10,2003
1238,All,MQ,34211,671,11,2003
1239,All,MQ,36455,662,12,2003
1240,All,MQ,35891,933,1,2004
1241,All,MQ,34931,940,2,2004
1242,All,MQ,38186,1000,3,2004
1243,All,MQ,38288,1136,4,2004
1244,All,MQ,38337,1351,5,2004
1245,All,MQ,38443,1500,6,2004
1246,All,MQ,39884,1778,7,2004
1247,All,MQ,40632,1855,8,2004
1248,All,MQ,39852,1713,9,2004
1249,All,MQ,41366,1780,10,2004
1250,All,MQ,39374,1548,11,2004
1251,All,MQ,41220,1607,12,2004
1252,All,MQ,39995,1592,1,2005
1253,All,MQ,38855,1565,2,2005
1254,All,MQ,43596,1711,3,2005
1255,All,MQ,42852,1817,4,2005
1256,All,MQ,44935,2210,5,2005
1257,All,MQ,43736,2119,6,2005
1258,All,MQ,44019,2270,7,2005
1259,All,MQ,45303,2285,8,2005
1260,All,MQ,43488,2225,9,2005
1261,All,MQ,44284,2186,10,2005
1262,All,MQ,42340,1978,11,2005
1263,All,MQ,43151,1912,12,2005
1264,All,MQ,43796,1891,1,2006
1265,All,MQ,39371,1738,2,2006
1266,All,MQ,43890,1971,3,2006
1267,All,MQ,44556,1967,4,2006
1268,All,MQ,46025,2029,5,2006
1269,All,MQ,44857,1954,6,2006
1270,All,MQ,46064,2060,7,2006
1271,All,MQ,46663,2097,8,2006
1272,All,MQ,43853,2034,9,2006
1273,All,MQ,45515,2114,10,2006
1274,All,MQ,43107,2100,11,2006
1275,All,MQ,44008,2249,12,2006
1276,All,MQ,43522,2380,1,2007
1277,All,MQ,38361,2022,2,2007
1278,All,MQ,43521,2289,3,2007
1279,All,MQ,42133,2309,4,2007
1280,All,MQ,45219,2421,5,2007
1281,All,MQ,42553,2263,6,2007
1282,All,MQ,44953,2367,7,2007
1283,All,MQ,45487,2404,8,2007
1284,All,MQ,43918,2247,9,2007
1285,All,MQ,45310,2301,10,2007
1286,All,MQ,43509,2256,11,2007
1287,All,MQ,41018,2462,12,2007
1288,All,MQ,41156,2795,1,2008
1289,All,MQ,37332,2500,2,2008
1290,All,MQ,39849,2755,3,2008
1291,All,MQ,41130,2777,4,2008
1292,All,MQ,42261,2872,5,2008
1293,All,MQ,42240,2807,6,2008
1294,All,MQ,44287,2929,7,2008
1295,All,MQ,42670,2857,8,2008
1296,All,MQ,38577,2726,9,2008
1297,All,MQ,38159,2841,10,2008
1298,All,MQ,33621,2542,11,2008
1299,All,MQ,32844,2475,12,2008
1300,All,MQ,33679,2546,1,2009
1301,All,MQ,31676,2364,2,2009
1302,All,MQ,35255,2624,3,2009
1303,All,MQ,34819,2538,4,2009
1304,All,MQ,36789,2579,5,2009
1305,All,MQ,35862,2545,6,2009
1306,All,MQ,37408,2766,7,2009
1307,All,MQ,37672,2899,8,2009
1308,All,MQ,36458,3216,9,2009
1309,All,MQ,37337,3316,10,2009
1310,All,MQ,36086,3153,11,2009
1311,All,MQ,34751,3025,12,2009
1312,All,MQ,35481,3075,1,2010
1313,All,MQ,31214,2658,2,2010
1314,All,MQ,36651,3133,3,2010
1315,All,MQ,35595,3061,4,2010
1316,All,MQ,35780,3161,5,2010
1317,All,MQ,34526,3020,6,2010
1318,All,MQ,36208,3059,7,2010
1319,All,MQ,37165,3111,8,2010
1320,All,MQ,35966,2967,9,2010
1321,All,MQ,37274,3032,10,2010
1322,All,MQ,35480,2913,11,2010
1323,All,MQ,34696,2927,12,2010
1324,All,MQ,35242,3083,1,2011
1325,All,MQ,29634,2724,2,2011
1326,All,MQ,37103,3323,3,2011
1327,All,MQ,35844,3392,4,2011
1328,All,MQ,36751,3484,5,2011
1329,All,MQ,36713,3411,6,2011
1330,All,MQ,37934,3465,7,2011
1331,All,MQ,37670,3439,8,2011
1332,All,MQ,36135,3597,9,2011
1333,All,MQ,37279,3706,10,2011
1334,All,MQ,35319,3368,11,2011
1335,All,MQ,36157,3216,12,2011
1336,All,MQ,36064,3114,1,2012
1337,All,MQ,35560,3115,2,2012
1338,All,MQ,38099,3413,3,2012
1339,All,MQ,39481,3172,4,2012
1340,All,MQ,40589,3174,5,2012
1341,All,MQ,40162,3210,6,2012
1342,All,MQ,40605,3421,7,2012
1343,All,MQ,41550,3356,8,2012
1344,All,MQ,38705,3161,9,2012
1345,All,MQ,40285,3212,10,2012
1346,All,MQ,37047,3822,11,2012
1347,All,MQ,35789,4375,12,2012
1348,All,MQ,36807,4387,1,2013
1349,All,MQ,32100,3829,2,2013
1350,All,MQ,36093,4392,3,2013
1351,All,MQ,35356,3998,4,2013
1352,All,MQ,37517,4231,5,2013
1353,All,MQ,36253,4061,6,2013
1354,All,MQ,38319,4293,7,2013
1355,All,MQ,37907,4251,8,2013
1356,All,MQ,34777,3638,9,2013
1357,All,MQ,36399,3703,10,2013
1358,All,MQ,32796,3522,11,2013
1359,All,MQ,31067,3699,12,2013
1360,All,MQ,30274,3374,1,2014
1361,All,MQ,28297,3051,2,2014
1362,All,MQ,33302,3554,3,2014
1363,All,MQ,33057,3235,4,2014
1364,All,MQ,33575,3373,5,2014
1365,All,MQ,31481,3349,6,2014
1366,All,MQ,32856,3487,7,2014
1367,All,MQ,32079,3314,8,2014
1368,All,MQ,29783,2881,9,2014
1369,All,MQ,30568,2918,10,2014
1370,All,MQ,28215,2979,11,2014
1371,All,MQ,29145,2915,12,2014
1372,All,MQ,27664,2543,1,2015
1373,All,MQ,23133,2146,2,2015
1374,All,MQ,26177,2361,3,2015
1375,All,MQ,24948,1957,4,2015
1376,All,MQ,24597,1947,5,2015
1377,All,MQ,24202,1750,6,2015
1378,All,MQ,24196,1653,7,2015
1379,All,MQ,23257,1518,8,2015
1380,All,MQ,20868,1164,9,2015
1381,All,MQ,21850,1130,10,2015
1382,All,MQ,19599,995,11,2015
1383,All,MQ,20294,1207,12,2015
1384,All,MQ,19818,941,1,2016
1385,All,MQ,18713,828,2,2016
1386,All,MQ,21451,950,3,2016
1387,All,MQ,21382,989,4,2016
1388,All,MQ,23358,989,5,2016
1389,All,MQ,23233,1105,6,2016
1390,All,MQ,23367,1165,7,2016
1391,All,MQ,23821,1127,8,2016
1392,All,MQ,22590,986,9,2016
1393,All,MQ,22789,1435,10,2016
1394,All,MQ,20651,1288,11,2016
1395,All,MQ,20776,1330,12,2016
1396,All,MQ,20754,1414,1,2017
1397,All,MQ,18403, ,2,2017
1398,All,MQ,18999, ,3,2017
1399,All,MQ,18319, ,4,2017
1400,All,EV,23590,790,10,2002
1401,All,EV,22812,863,11,2002
1402,All,EV,22838,903,12,2002
1403,All,EV,23638,911,1,2003
1404,All,EV,20443,816,2,2003
1405,All,EV,23113,909,3,2003
1406,All,EV,23532,729,4,2003
1407,All,EV,22944,735,5,2003
1408,All,EV,21947,659,6,2003
1409,All,EV,21586,668,7,2003
1410,All,EV,21154,783,8,2003
1411,All,EV,21421,767,9,2003
1412,All,EV,22812,795,10,2003
1413,All,EV,21853,704,11,2003
1414,All,EV,22497,676,12,2003
1415,All,EV,22293,623,1,2004
1416,All,EV,20877,577,2,2004
1417,All,EV,23033,620,3,2004
1418,All,EV,22459,598,4,2004
1419,All,EV,23382,595,5,2004
1420,All,EV,22878,473,6,2004
1421,All,EV,24267,490,7,2004
1422,All,EV,24732,495,8,2004
1423,All,EV,23247,380,9,2004
1424,All,EV,24872,536,10,2004
1425,All,EV,24219,898,11,2004
1426,All,EV,24735,917,12,2004
1427,All,EV,24020,899,1,2005
1428,All,EV,22212,703,2,2005
1429,All,EV,25579,787,3,2005
1430,All,EV,25310,759,4,2005
1431,All,EV,26925,778,5,2005
1432,All,EV,25977,873,6,2005
1433,All,EV,26500,832,7,2005
1434,All,EV,26582,823,8,2005
1435,All,EV,25366,788,9,2005
1436,All,EV,26187,817,10,2005
1437,All,EV,25149,807,11,2005
1438,All,EV,23407,847,12,2005
1439,All,EV,23082,835,1,2006
1440,All,EV,21393,722,2,2006
1441,All,EV,24280,847,3,2006
1442,All,EV,23318,844,4,2006
1443,All,EV,23968,889,5,2006
1444,All,EV,23377,915,6,2006
1445,All,EV,24852,952,7,2006
1446,All,EV,25406,984,8,2006
1447,All,EV,22199,1114,9,2006
1448,All,EV,23244,1212,10,2006
1449,All,EV,22398,1224,11,2006
1450,All,EV,21738,1341,12,2006
1451,All,EV,21891,1480,1,2007
1452,All,EV,20338,1383,2,2007
1453,All,EV,22676,1499,3,2007
1454,All,EV,22876,1514,4,2007
1455,All,EV,23408,1393,5,2007
1456,All,EV,24256,1266,6,2007
1457,All,EV,24652,1312,7,2007
1458,All,EV,25240,1258,8,2007
1459,All,EV,22261,959,9,2007
1460,All,EV,24683,1049,10,2007
1461,All,EV,23513,1066,11,2007
1462,All,EV,23175,1086,12,2007
1463,All,EV,22323,1100,1,2008
1464,All,EV,21804,1066,2,2008
1465,All,EV,23739,1218,3,2008
1466,All,EV,23187,1034,4,2008
1467,All,EV,23318,1016,5,2008
1468,All,EV,24927,1135,6,2008
1469,All,EV,25591,1096,7,2008
1470,All,EV,24938,1031,8,2008
1471,All,EV,20790,651,9,2008
1472,All,EV,21521,664,10,2008
1473,All,EV,22824,524,11,2008
1474,All,EV,22907,516,12,2008
1475,All,EV,22750,482,1,2009
1476,All,EV,21340,410,2,2009
1477,All,EV,24311,481,3,2009
1478,All,EV,24210,498,4,2009
1479,All,EV,25103,745,5,2009
1480,All,EV,27358,601,6,2009
1481,All,EV,28799,750,7,2009
1482,All,EV,27644,676,8,2009
1483,All,EV,22773,737,9,2009
1484,All,EV,23168,682,10,2009
1485,All,EV,24563,810,11,2009
1486,All,EV,23266,638,12,2009
1487,All,EV,23662,604,1,2010
1488,All,EV,21937,564,2,2010
1489,All,EV,25928,664,3,2010
1490,All,EV,24625,660,4,2010
1491,All,EV,25845,540,5,2010
1492,All,EV,27378,511,6,2010
1493,All,EV,28773,562,7,2010
1494,All,EV,28900,565,8,2010
1495,All,EV,26500,432,9,2010
1496,All,EV,27797,439,10,2010
1497,All,EV,26770,517,11,2010
1498,All,EV,26834,537,12,2010
1499,All,EV,24909,439,1,2011
1500,All,EV,23940,403,2,2011
1501,All,EV,28814,443,3,2011
1502,All,EV,26364,416,4,2011
1503,All,EV,27778,476,5,2011
1504,All,EV,28182,450,6,2011
1505,All,EV,29516,369,7,2011
1506,All,EV,28700,383,8,2011
1507,All,EV,25771,582,9,2011
1508,All,EV,27170,678,10,2011
1509,All,EV,25275,583,11,2011
1510,All,EV,25264,584,12,2011
1511,All,EV,56932,5347,1,2012
1512,All,EV,54373,5304,2,2012
1513,All,EV,60655,6090,3,2012
1514,All,EV,59072,5353,4,2012
1515,All,EV,60742,5856,5,2012
1516,All,EV,64700,5843,6,2012
1517,All,EV,65966,6179,7,2012
1518,All,EV,67134,6125,8,2012
1519,All,EV,60158,6488,9,2012
1520,All,EV,62895,6447,10,2012
1521,All,EV,59960,5389,11,2012
1522,All,EV,58692,5766,12,2012
1523,All,EV,56950,5944,1,2013
1524,All,EV,52555,5363,2,2013
1525,All,EV,64192,6153,3,2013
1526,All,EV,62822,5676,4,2013
1527,All,EV,63623,6194,5,2013
1528,All,EV,64373,5927,6,2013
1529,All,EV,65688,6509,7,2013
1530,All,EV,65480,6373,8,2013
1531,All,EV,60962,6162,9,2013
1532,All,EV,63596,6663,10,2013
1533,All,EV,58369,5982,11,2013
1534,All,EV,56256,6121,12,2013
1535,All,EV,50813,5583,1,2014
1536,All,EV,48143,5297,2,2014
1537,All,EV,59630,6631,3,2014
1538,All,EV,56449,5991,4,2014
1539,All,EV,57026,6063,5,2014
1540,All,EV,57365,6309,6,2014
1541,All,EV,60029,6289,7,2014
1542,All,EV,58703,6216,8,2014
1543,All,EV,54173,5277,9,2014
1544,All,EV,56434,4904,10,2014
1545,All,EV,51685,4696,11,2014
1546,All,EV,52009,4849,12,2014
1547,All,EV,49048,4259,1,2015
1548,All,EV,43034,3631,2,2015
1549,All,EV,52888,3980,3,2015
1550,All,EV,49220,3901,4,2015
1551,All,EV,48977,3557,5,2015
1552,All,EV,48263,3946,6,2015
1553,All,EV,50184,3719,7,2015
1554,All,EV,48502,3846,8,2015
1555,All,EV,44005,3491,9,2015
1556,All,EV,45867,3651,10,2015
1557,All,EV,42548,3316,11,2015
1558,All,EV,43283,3364,12,2015
1559,All,EV,41128,3005,1,2016
1560,All,EV,39178,2815,2,2016
1561,All,EV,44516,3159,3,2016
1562,All,EV,40617,2821,4,2016
1563,All,EV,41383,2944,5,2016
1564,All,EV,42389,2946,6,2016
1565,All,EV,42120,3063,7,2016
1566,All,EV,42333,2959,8,2016
1567,All,EV,39207,2751,9,2016
1568,All,EV,39765,2796,10,2016
1569,All,EV,36725,2510,11,2016
1570,All,EV,36913,2417,12,2016
1571,All,EV,34447,2350,1,2017
1572,All,EV,30329, ,2,2017
1573,All,EV,34476, ,3,2017
1574,All,EV,30334, ,4,2017
1575,All,F9,4510, ,10,2002
1576,All,F9,4318, ,11,2002
1577,All,F9,4683,27,12,2002
1578,All,F9,4712,81,1,2003
1579,All,F9,4303,72,2,2003
1580,All,F9,4574,74,3,2003
1581,All,F9,4831,71,4,2003
1582,All,F9,4789,72,5,2003
1583,All,F9,4786,68,6,2003
1584,All,F9,5055,50,7,2003
1585,All,F9,5021,53,8,2003
1586,All,F9,4864,34,9,2003
1587,All,F9,5119,34,10,2003
1588,All,F9,4974,96,11,2003
1589,All,F9,5386,156,12,2003
1590,All,F9,5308,155,1,2004
1591,All,F9,5001,158,2,2004
1592,All,F9,5590,173,3,2004
1593,All,F9,5403,162,4,2004
1594,All,F9,5705,172,5,2004
1595,All,F9,6005,162,6,2004
1596,All,F9,6593,180,7,2004
1597,All,F9,6326,119,8,2004
1598,All,F9,5622,74,9,2004
1599,All,F9,5804,156,10,2004
1600,All,F9,5465,291,11,2004
1601,All,F9,5953,389,12,2004
1602,All,F9,5775,390,1,2005
1603,All,F9,5134,340,2,2005
1604,All,F9,6152,403,3,2005
1605,All,F9,5655,346,4,2005
1606,All,F9,6287,314,5,2005
1607,All,F9,6442,288,6,2005
1608,All,F9,7119,225,7,2005
1609,All,F9,6931,144,8,2005
1610,All,F9,6474,200,9,2005
1611,All,F9,6719,141,10,2005
1612,All,F9,6406,169,11,2005
1613,All,F9,6814,385,12,2005
1614,All,F9,6902,409,1,2006
1615,All,F9,6253,375,2,2006
1616,All,F9,7020,524,3,2006
1617,All,F9,6889,469,4,2006
1618,All,F9,7709,380,5,2006
1619,All,F9,7680,375,6,2006
1620,All,F9,8280,320,7,2006
1621,All,F9,8380,191,8,2006
1622,All,F9,7920,144,9,2006
1623,All,F9,8049,172,10,2006
1624,All,F9,7460,294,11,2006
1625,All,F9,6960,586,12,2006
1626,All,F9,7758,646,1,2007
1627,All,F9,7082,588,2,2007
1628,All,F9,8067,837,3,2007
1629,All,F9,7864,687,4,2007
1630,All,F9,8494,639,5,2007
1631,All,F9,8376,686,6,2007
1632,All,F9,9034,527,7,2007
1633,All,F9,8812,446,8,2007
1634,All,F9,7966,369,9,2007
1635,All,F9,8300,377,10,2007
1636,All,F9,7867,509,11,2007
1637,All,F9,7941,809,12,2007
1638,All,F9,7700,677,1,2008
1639,All,F9,7088,589,2,2008
1640,All,F9,7950,765,3,2008
1641,All,F9,7922,513,4,2008
1642,All,F9,8591,412,5,2008
1643,All,F9,8612,361,6,2008
1644,All,F9,9355,203,7,2008
1645,All,F9,9026,176,8,2008
1646,All,F9,7512,104,9,2008
1647,All,F9,7583,142,10,2008
1648,All,F9,7118,274,11,2008
1649,All,F9,7364,402,12,2008
1650,All,F9,7238,434,1,2009
1651,All,F9,6511,382,2,2009
1652,All,F9,7191,412,3,2009
1653,All,F9,7045,372,4,2009
1654,All,F9,7706,200,5,2009
1655,All,F9,7671,136,6,2009
1656,All,F9,7878,140,7,2009
1657,All,F9,7845,138,8,2009
1658,All,F9,7227,76,9,2009
1659,All,F9,7146,137,10,2009
1660,All,F9,6152,246,11,2009
1661,All,F9,5940,344,12,2009
1662,All,F9,5887,432,1,2010
1663,All,F9,5626,382,2,2010
1664,All,F9,6782,408,3,2010
1665,All,F9,6731,344,4,2010
1666,All,F9,7101,154,5,2010
1667,All,F9,7211,140,6,2010
1668,All,F9,7478,165,7,2010
1669,All,F9,7366,135,8,2010
1670,All,F9,6848,84,9,2010
1671,All,F9,6696,138,10,2010
1672,All,F9,6318,242,11,2010
1673,All,F9,6410,356,12,2010
1674,All,F9,6217,474,1,2011
1675,All,F9,5758,414,2,2011
1676,All,F9,6777,481,3,2011
1677,All,F9,6401,432,4,2011
1678,All,F9,7249,160,5,2011
1679,All,F9,7604,148,6,2011
1680,All,F9,7857,167,7,2011
1681,All,F9,8207,128,8,2011
1682,All,F9,7510,76,9,2011
1683,All,F9,7375,120,10,2011
1684,All,F9,6963,228,11,2011
1685,All,F9,7103,333,12,2011
1686,All,F9,6443,324,1,2012
1687,All,F9,5948,475,2,2012
1688,All,F9,6762,564,3,2012
1689,All,F9,6263,331,4,2012
1690,All,F9,6788,132,5,2012
1691,All,F9,6961,149,6,2012
1692,All,F9,7256,147,7,2012
1693,All,F9,7085,106,8,2012
1694,All,F9,6306,80,9,2012
1695,All,F9,6559,95,10,2012
1696,All,F9,6194,269,11,2012
1697,All,F9,6304,315,12,2012
1698,All,F9,5775,319,1,2013
1699,All,F9,5181,309,2,2013
1700,All,F9,5838,359,3,2013
1701,All,F9,5827,259,4,2013
1702,All,F9,6562,137,5,2013
1703,All,F9,6553,164,6,2013
1704,All,F9,6796,181,7,2013
1705,All,F9,6860,128,8,2013
1706,All,F9,6467,78,9,2013
1707,All,F9,6466,119,10,2013
1708,All,F9,6252,203,11,2013
1709,All,F9,6456,294,12,2013
1710,All,F9,5650,343,1,2014
1711,All,F9,5171,335,2,2014
1712,All,F9,6027,394,3,2014
1713,All,F9,5965,332,4,2014
1714,All,F9,7268,148,5,2014
1715,All,F9,7551,160,6,2014
1716,All,F9,8039,162,7,2014
1717,All,F9,8009,119,8,2014
1718,All,F9,7911,77,9,2014
1719,All,F9,8137,88,10,2014
1720,All,F9,7664,179,11,2014
1721,All,F9,7797,255,12,2014
1722,All,F9,6840,368,1,2015
1723,All,F9,5803,356,2,2015
1724,All,F9,6944,335,3,2015
1725,All,F9,7161,254,4,2015
1726,All,F9,8126,90,5,2015
1727,All,F9,7911,95,6,2015
1728,All,F9,8095,88,7,2015
1729,All,F9,8154,100,8,2015
1730,All,F9,7875,104,9,2015
1731,All,F9,8264,171,10,2015
1732,All,F9,7763,390,11,2015
1733,All,F9,8111,194,12,2015
1734,All,F9,7099,501,1,2016
1735,All,F9,6549,464,2,2016
1736,All,F9,6887,489,3,2016
1737,All,F9,7092,358,4,2016
1738,All,F9,7904,276,5,2016
1739,All,F9,8101,266,6,2016
1740,All,F9,8997,274,7,2016
1741,All,F9,8900,228,8,2016
1742,All,F9,8614,188,9,2016
1743,All,F9,8577,207,10,2016
1744,All,F9,7707,426,11,2016
1745,All,F9,7649,514,12,2016
1746,All,F9,7609,536,1,2017
1747,All,F9,6662, ,2,2017
1748,All,F9,7657, ,3,2017
1749,All,F9,7795, ,4,2017
1750,All,HA,4337,8,10,2002
1751,All,HA,4132,8,11,2002
1752,All,HA,4347,10,12,2002
1753,All,HA,4192,8,1,2003
1754,All,HA,3917,8,2,2003
1755,All,HA,4471,14,3,2003
1756,All,HA,4027,8,4,2003
1757,All,HA,4072,8,5,2003
1758,All,HA,4130,10,6,2003
1759,All,HA,4472,12,7,2003
1760,All,HA,4620,14,8,2003
1761,All,HA,3911,7,9,2003
1762,All,HA,4046,9,10,2003
1763,All,HA,3938,10,11,2003
1764,All,HA,4117,8,12,2003
1765,All,HA,4070,8,1,2004
1766,All,HA,3794,10,2,2004
1767,All,HA,4115,8,3,2004
1768,All,HA,4006,8,4,2004
1769,All,HA,4024,26,5,2004
1770,All,HA,4188,42,6,2004
1771,All,HA,4526,44,7,2004
1772,All,HA,4465,45,8,2004
1773,All,HA,3842,43,9,2004
1774,All,HA,3876,47,10,2004
1775,All,HA,3849,42,11,2004
1776,All,HA,4013,44,12,2004
1777,All,HA,3967,65,1,2005
1778,All,HA,3618,40,2,2005
1779,All,HA,3983,44,3,2005
1780,All,HA,3924,42,4,2005
1781,All,HA,4066,45,5,2005
1782,All,HA,4153,43,6,2005
1783,All,HA,4435,45,7,2005
1784,All,HA,4411,43,8,2005
1785,All,HA,3982,43,9,2005
1786,All,HA,4047,45,10,2005
1787,All,HA,3969,41,11,2005
1788,All,HA,4117,45,12,2005
1789,All,HA,4180,45,1,2006
1790,All,HA,3772,40,2,2006
1791,All,HA,4155,44,3,2006
1792,All,HA,4073,44,4,2006
1793,All,HA,4189,43,5,2006
1794,All,HA,4430,37,6,2006
1795,All,HA,4799,36,7,2006
1796,All,HA,4764,35,8,2006
1797,All,HA,4403,34,9,2006
1798,All,HA,4498,36,10,2006
1799,All,HA,4477,34,11,2006
1800,All,HA,4711,37,12,2006
1801,All,HA,4646,34,1,2007
1802,All,HA,4202,32,2,2007
1803,All,HA,4726,35,3,2007
1804,All,HA,4592,35,4,2007
1805,All,HA,4729,35,5,2007
1806,All,HA,4829,34,6,2007
1807,All,HA,5067,36,7,2007
1808,All,HA,5041,35,8,2007
1809,All,HA,4601,36,9,2007
1810,All,HA,4730,34,10,2007
1811,All,HA,4553,34,11,2007
1812,All,HA,4690,36,12,2007
1813,All,HA,4675,35,1,2008
1814,All,HA,4408,33,2,2008
1815,All,HA,4715,36,3,2008
1816,All,HA,5435,51,4,2008
1817,All,HA,5597,70,5,2008
1818,All,HA,5540,68,6,2008
1819,All,HA,5808,72,7,2008
1820,All,HA,5881,70,8,2008
1821,All,HA,5146,68,9,2008
1822,All,HA,5636,69,10,2008
1823,All,HA,5764,71,11,2008
1824,All,HA,6037,70,12,2008
1825,All,HA,6282,70,1,2009
1826,All,HA,5677,64,2,2009
1827,All,HA,6166,72,3,2009
1828,All,HA,5897,68,4,2009
1829,All,HA,6142,71,5,2009
1830,All,HA,6145,68,6,2009
1831,All,HA,6678,70,7,2009
1832,All,HA,6621,72,8,2009
1833,All,HA,5944,68,9,2009
1834,All,HA,6102,72,10,2009
1835,All,HA,5686,68,11,2009
1836,All,HA,5877,70,12,2009
1837,All,HA,5764,72,1,2010
1838,All,HA,5133,64,2,2010
1839,All,HA,5544,70,3,2010
1840,All,HA,5429,68,4,2010
1841,All,HA,5582,71,5,2010
1842,All,HA,5925,66,6,2010
1843,All,HA,6439,70,7,2010
1844,All,HA,6398,70,8,2010
1845,All,HA,5527,68,9,2010
1846,All,HA,5583,77,10,2010
1847,All,HA,5468,100,11,2010
1848,All,HA,5688,141,12,2010
1849,All,HA,5589,163,1,2011
1850,All,HA,5101,162,2,2011
1851,All,HA,5674,175,3,2011
1852,All,HA,5547,191,4,2011
1853,All,HA,5755,205,5,2011
1854,All,HA,5756,196,6,2011
1855,All,HA,6019,241,7,2011
1856,All,HA,5908,248,8,2011
1857,All,HA,5410,240,9,2011
1858,All,HA,5527,250,10,2011
1859,All,HA,5433,239,11,2011
1860,All,HA,5686,257,12,2011
1861,All,HA,5908,270,1,2012
1862,All,HA,5652,246,2,2012
1863,All,HA,6230,266,3,2012
1864,All,HA,6083,289,4,2012
1865,All,HA,6274,331,5,2012
1866,All,HA,6487,315,6,2012
1867,All,HA,6783,343,7,2012
1868,All,HA,6653,353,8,2012
1869,All,HA,6049,344,9,2012
1870,All,HA,6287,356,10,2012
1871,All,HA,6063,368,11,2012
1872,All,HA,6117,410,12,2012
1873,All,HA,6039,406,1,2013
1874,All,HA,5440,367,2,2013
1875,All,HA,6054,445,3,2013
1876,All,HA,5840,447,4,2013
1877,All,HA,6056,469,5,2013
1878,All,HA,6323,423,6,2013
1879,All,HA,6661,452,7,2013
1880,All,HA,6469,431,8,2013
1881,All,HA,5852,445,9,2013
1882,All,HA,5994,467,10,2013
1883,All,HA,5842,423,11,2013
1884,All,HA,6093,443,12,2013
1885,All,HA,6037,427,1,2014
1886,All,HA,5444,384,2,2014
1887,All,HA,6086,426,3,2014
1888,All,HA,5933,408,4,2014
1889,All,HA,6229,422,5,2014
1890,All,HA,6393,401,6,2014
1891,All,HA,6819,353,7,2014
1892,All,HA,6795,359,8,2014
1893,All,HA,6194,341,9,2014
1894,All,HA,6322,353,10,2014
1895,All,HA,6142,346,11,2014
1896,All,HA,6445,351,12,2014
1897,All,HA,6429,360,1,2015
1898,All,HA,5831,320,2,2015
1899,All,HA,6321,353,3,2015
1900,All,HA,6098,347,4,2015
1901,All,HA,6453,357,5,2015
1902,All,HA,6671,339,6,2015
1903,All,HA,6947,352,7,2015
1904,All,HA,6874,362,8,2015
1905,All,HA,6142,339,9,2015
1906,All,HA,6248,358,10,2015
1907,All,HA,6049,341,11,2015
1908,All,HA,6311,355,12,2015
1909,All,HA,6297,355,1,2016
1910,All,HA,5912,317,2,2016
1911,All,HA,6379,345,3,2016
1912,All,HA,6243,344,4,2016
1913,All,HA,6420,354,5,2016
1914,All,HA,6743,341,6,2016
1915,All,HA,7035,373,7,2016
1916,All,HA,7042,413,8,2016
1917,All,HA,6181,403,9,2016
1918,All,HA,6246,410,10,2016
1919,All,HA,6080,391,11,2016
1920,All,HA,6368,435,12,2016
1921,All,HA,6288,473,1,2017
1922,All,HA,5808, ,2,2017
1923,All,HA,6605, ,3,2017
1924,All,HA,6485, ,4,2017
1925,All,B6,4276, ,10,2002
1926,All,B6,4287, ,11,2002
1927,All,B6,4776, ,12,2002
1928,All,B6,5006, ,1,2003
1929,All,B6,4720, ,2,2003
1930,All,B6,5685, ,3,2003
1931,All,B6,5601, ,4,2003
1932,All,B6,5260, ,5,2003
1933,All,B6,5272, ,6,2003
1934,All,B6,5841, ,7,2003
1935,All,B6,5837, ,8,2003
1936,All,B6,5497, ,9,2003
1937,All,B6,5846, ,10,2003
1938,All,B6,5894, ,11,2003
1939,All,B6,6461, ,12,2003
1940,All,B6,6760, ,1,2004
1941,All,B6,6719, ,2,2004
1942,All,B6,7366, ,3,2004
1943,All,B6,7426, ,4,2004
1944,All,B6,7334, ,5,2004
1945,All,B6,7275,110,6,2004
1946,All,B6,7725,186,7,2004
1947,All,B6,7738,186,8,2004
1948,All,B6,6908,150,9,2004
1949,All,B6,7856,124,10,2004
1950,All,B6,7871,180,11,2004
1951,All,B6,8433,185,12,2004
1952,All,B6,8227,180,1,2005
1953,All,B6,7827,168,2,2005
1954,All,B6,9110,125,3,2005
1955,All,B6,9202,140,4,2005
1956,All,B6,8901,127,5,2005
1957,All,B6,8892,120,6,2005
1958,All,B6,9507,184,7,2005
1959,All,B6,9522,186,8,2005
1960,All,B6,8575,130,9,2005
1961,All,B6,9134,123,10,2005
1962,All,B6,10155,150,11,2005
1963,All,B6,11127,174,12,2005
1964,All,B6,11024,172,1,2006
1965,All,B6,10372,210,2,2006
1966,All,B6,12387,248,3,2006
1967,All,B6,12535,256,4,2006
1968,All,B6,12014,331,5,2006
1969,All,B6,12188,364,6,2006
1970,All,B6,13819,409,7,2006
1971,All,B6,14321,422,8,2006
1972,All,B6,13021,307,9,2006
1973,All,B6,13928,316,10,2006
1974,All,B6,14302,325,11,2006
1975,All,B6,15394,455,12,2006
1976,All,B6,15337,436,1,2007
1977,All,B6,13209,387,2,2007
1978,All,B6,16234,521,3,2007
1979,All,B6,16257,519,4,2007
1980,All,B6,15818,562,5,2007
1981,All,B6,15245,726,6,2007
1982,All,B6,16284,856,7,2007
1983,All,B6,16550,926,8,2007
1984,All,B6,15079,632,9,2007
1985,All,B6,15428,576,10,2007
1986,All,B6,16065,691,11,2007
1987,All,B6,16658,862,12,2007
1988,All,B6,16250,843,1,2008
1989,All,B6,15633,805,2,2008
1990,All,B6,17715,1019,3,2008
1991,All,B6,17016,1006,4,2008
1992,All,B6,16144,926,5,2008
1993,All,B6,16167,977,6,2008
1994,All,B6,16910,1181,7,2008
1995,All,B6,16955,1254,8,2008
1996,All,B6,13932,902,9,2008
1997,All,B6,14500,905,10,2008
1998,All,B6,15554,1123,11,2008
1999,All,B6,16261,1420,12,2008
2000,All,B6,16001,1451,1,2009
2001,All,B6,14997,1700,2,2009
2002,All,B6,16884,1979,3,2009
2003,All,B6,16370,1966,4,2009
2004,All,B6,16168,1958,5,2009
2005,All,B6,16351,2072,6,2009
2006,All,B6,17160,2383,7,2009
2007,All,B6,17147,2409,8,2009
2008,All,B6,14483,1838,9,2009
2009,All,B6,14695,1750,10,2009
2010,All,B6,15357,1967,11,2009
2011,All,B6,16246,2192,12,2009
2012,All,B6,16027,2183,1,2010
2013,All,B6,14484,2052,2,2010
2014,All,B6,17268,2353,3,2010
2015,All,B6,16786,2299,4,2010
2016,All,B6,16002,2409,5,2010
2017,All,B6,16320,2506,6,2010
2018,All,B6,17740,2942,7,2010
2019,All,B6,17651,2920,8,2010
2020,All,B6,15716,2089,9,2010
2021,All,B6,16483,2027,10,2010
2022,All,B6,16718,1962,11,2010
2023,All,B6,16654,2278,12,2010
2024,All,B6,16244,2260,1,2011
2025,All,B6,15259,2106,2,2011
2026,All,B6,18466,2522,3,2011
2027,All,B6,18106,2589,4,2011
2028,All,B6,17901,2390,5,2011
2029,All,B6,18205,2601,6,2011
2030,All,B6,19501,3180,7,2011
2031,All,B6,18276,2903,8,2011
2032,All,B6,16940,2456,9,2011
2033,All,B6,17411,2384,10,2011
2034,All,B6,17636,2550,11,2011
2035,All,B6,18908,3225,12,2011
2036,All,B6,17842,2842,1,2012
2037,All,B6,17349,2720,2,2012
2038,All,B6,19707,3151,3,2012
2039,All,B6,19135,3148,4,2012
2040,All,B6,18713,2941,5,2012
2041,All,B6,19079,3147,6,2012
2042,All,B6,20719,3787,7,2012
2043,All,B6,20693,3753,8,2012
2044,All,B6,18152,2927,9,2012
2045,All,B6,17302,2676,10,2012
2046,All,B6,18630,3104,11,2012
2047,All,B6,19862,3592,12,2012
2048,All,B6,19292,3287,1,2013
2049,All,B6,17126,2993,2,2013
2050,All,B6,20748,3429,3,2013
2051,All,B6,19937,3417,4,2013
2052,All,B6,20232,3219,5,2013
2053,All,B6,20587,3502,6,2013
2054,All,B6,22027,4312,7,2013
2055,All,B6,21999,4306,8,2013
2056,All,B6,18590,3104,9,2013
2057,All,B6,19380,3102,10,2013
2058,All,B6,19570,3256,11,2013
2059,All,B6,20988,4224,12,2013
2060,All,B6,18190,3870,1,2014
2061,All,B6,17576,3600,2,2014
2062,All,B6,21092,4020,3,2014
2063,All,B6,20713,4016,4,2014
2064,All,B6,20791,4218,5,2014
2065,All,B6,20877,4437,6,2014
2066,All,B6,21992,5162,7,2014
2067,All,B6,22241,5216,8,2014
2068,All,B6,19071,3667,9,2014
2069,All,B6,20080,3775,10,2014
2070,All,B6,19935,4023,11,2014
2071,All,B6,21952,4878,12,2014
2072,All,B6,20572,4572,1,2015
2073,All,B6,18539,3839,2,2015
2074,All,B6,22253,4247,3,2015
2075,All,B6,21954,4296,4,2015
2076,All,B6,22434,4200,5,2015
2077,All,B6,22418,4466,6,2015
2078,All,B6,23870,5311,7,2015
2079,All,B6,23642,5326,8,2015
2080,All,B6,21086,3919,9,2015
2081,All,B6,21826,4082,10,2015
2082,All,B6,21622,4174,11,2015
2083,All,B6,23347,5222,12,2015
2084,All,B6,22175,4900,1,2016
2085,All,B6,21301,4441,2,2016
2086,All,B6,23775,4809,3,2016
2087,All,B6,23066,4730,4,2016
2088,All,B6,24186,4698,5,2016
2089,All,B6,23703,5035,6,2016
2090,All,B6,24506,5636,7,2016
2091,All,B6,24488,5745,8,2016
2092,All,B6,22322,4284,9,2016
2093,All,B6,22753,4242,10,2016
2094,All,B6,22967,4419,11,2016
2095,All,B6,24181,5588,12,2016
2096,All,B6,24189,5239,1,2017
2097,All,B6,21632, ,2,2017
2098,All,B6,25012, ,3,2017
2099,All,B6,24874, ,4,2017
2100,All,OO,27702,469,10,2002
2101,All,OO,29181,561,11,2002
2102,All,OO,29913,585,12,2002
2103,All,OO,30403,590,1,2003
2104,All,OO,28475,539,2,2003
2105,All,OO,31530,605,3,2003
2106,All,OO,30414,587,4,2003
2107,All,OO,30837,599,5,2003
2108,All,OO,31831,589,6,2003
2109,All,OO,33485,612,7,2003
2110,All,OO,34413,608,8,2003
2111,All,OO,33663,590,9,2003
2112,All,OO,34577,635,10,2003
2113,All,OO,34076,678,11,2003
2114,All,OO,35324,739,12,2003
2115,All,OO,35495,742,1,2004
2116,All,OO,33772,683,2,2004
2117,All,OO,36027,733,3,2004
2118,All,OO,34990,659,4,2004
2119,All,OO,35933,673,5,2004
2120,All,OO,37180,827,6,2004
2121,All,OO,40056,862,7,2004
2122,All,OO,41616,915,8,2004
2123,All,OO,40283,893,9,2004
2124,All,OO,40906,1022,10,2004
2125,All,OO,38932,968,11,2004
2126,All,OO,40091,1012,12,2004
2127,All,OO,39602,997,1,2005
2128,All,OO,37891,1040,2,2005
2129,All,OO,44005,1217,3,2005
2130,All,OO,42093,1212,4,2005
2131,All,OO,43370,1287,5,2005
2132,All,OO,42917,1268,6,2005
2133,All,OO,43570,1330,7,2005
2134,All,OO,44714,1392,8,2005
2135,All,OO,42485,1262,9,2005
2136,All,OO,44473,1331,10,2005
2137,All,OO,42490,1208,11,2005
2138,All,OO,42003,1250,12,2005
2139,All,OO,42368,1364,1,2006
2140,All,OO,39783,1314,2,2006
2141,All,OO,45406,1466,3,2006
2142,All,OO,43838,1473,4,2006
2143,All,OO,45771,1531,5,2006
2144,All,OO,45857,1597,6,2006
2145,All,OO,47197,1696,7,2006
2146,All,OO,47656,1699,8,2006
2147,All,OO,44416,1766,9,2006
2148,All,OO,45906,1843,10,2006
2149,All,OO,43791,1791,11,2006
2150,All,OO,45061,1836,12,2006
2151,All,OO,46773,2080,1,2007
2152,All,OO,42560,1874,2,2007
2153,All,OO,49469,2082,3,2007
2154,All,OO,47442,2062,4,2007
2155,All,OO,49284,2113,5,2007
2156,All,OO,50204,2190,6,2007
2157,All,OO,52431,2276,7,2007
2158,All,OO,53215,2293,8,2007
2159,All,OO,48737,1951,9,2007
2160,All,OO,50799,1949,10,2007
2161,All,OO,48175,1884,11,2007
2162,All,OO,48436,1861,12,2007
2163,All,OO,46480,1930,1,2008
2164,All,OO,44029,1822,2,2008
2165,All,OO,50037,2165,3,2008
2166,All,OO,48112,2161,4,2008
2167,All,OO,48234,2222,5,2008
2168,All,OO,48778,2340,6,2008
2169,All,OO,50805,2478,7,2008
2170,All,OO,49484,2493,8,2008
2171,All,OO,43697,2531,9,2008
2172,All,OO,44442,2562,10,2008
2173,All,OO,40877,2238,11,2008
2174,All,OO,42244,2406,12,2008
2175,All,OO,43317,2322,1,2009
2176,All,OO,40696,2090,2,2009
2177,All,OO,46194,2301,3,2009
2178,All,OO,44229,2209,4,2009
2179,All,OO,44400,2276,5,2009
2180,All,OO,47112,2488,6,2009
2181,All,OO,48683,2848,7,2009
2182,All,OO,48254,2776,8,2009
2183,All,OO,44913,2596,9,2009
2184,All,OO,45965,2752,10,2009
2185,All,OO,42003,2337,11,2009
2186,All,OO,45475,2529,12,2009
2187,All,OO,46972,2466,1,2010
2188,All,OO,44331,2320,2,2010
2189,All,OO,50859,2642,3,2010
2190,All,OO,48545,2928,4,2010
2191,All,OO,49683,3162,5,2010
2192,All,OO,50997,2759,6,2010
2193,All,OO,52483,3907,7,2010
2194,All,OO,52617,3836,8,2010
2195,All,OO,48294,3400,9,2010
2196,All,OO,49074,3346,10,2010
2197,All,OO,47016,2659,11,2010
2198,All,OO,48295,2696,12,2010
2199,All,OO,48097,2922,1,2011
2200,All,OO,42985,2659,2,2011
2201,All,OO,49672,3368,3,2011
2202,All,OO,47087,3159,4,2011
2203,All,OO,48375,3333,5,2011
2204,All,OO,50397,3265,6,2011
2205,All,OO,51805,3234,7,2011
2206,All,OO,52781,3265,8,2011
2207,All,OO,46857,3192,9,2011
2208,All,OO,47918,3370,10,2011
2209,All,OO,44784,2833,11,2011
2210,All,OO,47379,2793,12,2011
2211,All,OO,47613,2154,1,2012
2212,All,OO,45666,1989,2,2012
2213,All,OO,52556,2303,3,2012
2214,All,OO,49695,2290,4,2012
2215,All,OO,50227,2409,5,2012
2216,All,OO,52273,2671,6,2012
2217,All,OO,54716,2620,7,2012
2218,All,OO,55087,2555,8,2012
2219,All,OO,49649,2074,9,2012
2220,All,OO,51337,2334,10,2012
2221,All,OO,48636,2087,11,2012
2222,All,OO,50780,2175,12,2012
2223,All,OO,50697,2289,1,2013
2224,All,OO,46790,2143,2,2013
2225,All,OO,54655,2608,3,2013
2226,All,OO,51850,2598,4,2013
2227,All,OO,53348,2780,5,2013
2228,All,OO,53394,3100,6,2013
2229,All,OO,54924,3338,7,2013
2230,All,OO,54824,3231,8,2013
2231,All,OO,49383,2665,9,2013
2232,All,OO,50955,3029,10,2013
2233,All,OO,47344,2830,11,2013
2234,All,OO,48792,2762,12,2013
2235,All,OO,48463,2562,1,2014
2236,All,OO,43781,2309,2,2014
2237,All,OO,52012,2495,3,2014
2238,All,OO,50196,2701,4,2014
2239,All,OO,51188,3184,5,2014
2240,All,OO,51465,3255,6,2014
2241,All,OO,54515,3195,7,2014
2242,All,OO,54447,3261,8,2014
2243,All,OO,48339,3160,9,2014
2244,All,OO,50452,3536,10,2014
2245,All,OO,46850,3362,11,2014
2246,All,OO,47477,3463,12,2014
2247,All,OO,47309,3335,1,2015
2248,All,OO,43030,3041,2,2015
2249,All,OO,49853,3230,3,2015
2250,All,OO,48945,3237,4,2015
2251,All,OO,49531,3502,5,2015
2252,All,OO,49568,3454,6,2015
2253,All,OO,52137,3662,7,2015
2254,All,OO,52317,3712,8,2015
2255,All,OO,47560,3526,9,2015
2256,All,OO,48901,3880,10,2015
2257,All,OO,47056,3441,11,2015
2258,All,OO,46774,3647,12,2015
2259,All,OO,47122,3877,1,2016
2260,All,OO,44997,3642,2,2016
2261,All,OO,51363,3530,3,2016
2262,All,OO,49775,3664,4,2016
2263,All,OO,51329,3845,5,2016
2264,All,OO,52688,3784,6,2016
2265,All,OO,54753,2769,7,2016
2266,All,OO,54687,2673,8,2016
2267,All,OO,49189,2649,9,2016
2268,All,OO,50902,2730,10,2016
2269,All,OO,47386,2547,11,2016
2270,All,OO,48464,2529,12,2016
2271,All,OO,48906,2365,1,2017
2272,All,OO,46439, ,2,2017
2273,All,OO,57489, ,3,2017
2274,All,OO,55774, ,4,2017
2275,All,WN,81876, ,10,2002
2276,All,WN,76818, ,11,2002
2277,All,WN,79481, ,12,2002
2278,All,WN,80620, ,1,2003
2279,All,WN,72108, ,2,2003
2280,All,WN,80362, ,3,2003
2281,All,WN,78676, ,4,2003
2282,All,WN,79998, ,5,2003
2283,All,WN,78862, ,6,2003
2284,All,WN,81282, ,7,2003
2285,All,WN,80940, ,8,2003
2286,All,WN,78702, ,9,2003
2287,All,WN,81970, ,10,2003
2288,All,WN,76596, ,11,2003
2289,All,WN,79822, ,12,2003
2290,All,WN,79508, ,1,2004
2291,All,WN,76342, ,2,2004
2292,All,WN,82634, ,3,2004
2293,All,WN,79876, ,4,2004
2294,All,WN,81437, ,5,2004
2295,All,WN,81100, ,6,2004
2296,All,WN,83700, ,7,2004
2297,All,WN,84944, ,8,2004
2298,All,WN,80357, ,9,2004
2299,All,WN,85083, ,10,2004
2300,All,WN,81138, ,11,2004
2301,All,WN,85555, ,12,2004
2302,All,WN,84320, ,1,2005
2303,All,WN,77736, ,2,2005
2304,All,WN,87097, ,3,2005
2305,All,WN,84345, ,4,2005
2306,All,WN,87625, ,5,2005
2307,All,WN,86364, ,6,2005
2308,All,WN,88481, ,7,2005
2309,All,WN,89712, ,8,2005
2310,All,WN,83745, ,9,2005
2311,All,WN,87122, ,10,2005
2312,All,WN,84104, ,11,2005
2313,All,WN,88152, ,12,2005
2314,All,WN,89547, ,1,2006
2315,All,WN,81336, ,2,2006
2316,All,WN,91567, ,3,2006
2317,All,WN,88619, ,4,2006
2318,All,WN,91855, ,5,2006
2319,All,WN,90475, ,6,2006
2320,All,WN,93312, ,7,2006
2321,All,WN,95199, ,8,2006
2322,All,WN,90528, ,9,2006
2323,All,WN,95524, ,10,2006
2324,All,WN,91210, ,11,2006
2325,All,WN,93171, ,12,2006
2326,All,WN,94752, ,1,2007
2327,All,WN,85027, ,2,2007
2328,All,WN,97124, ,3,2007
2329,All,WN,95668, ,4,2007
2330,All,WN,98504, ,5,2007
2331,All,WN,96476, ,6,2007
2332,All,WN,100278, ,7,2007
2333,All,WN,101411, ,8,2007
2334,All,WN,96102, ,9,2007
2335,All,WN,99783, ,10,2007
2336,All,WN,97326, ,11,2007
2337,All,WN,98263, ,12,2007
2338,All,WN,100363, ,1,2008
2339,All,WN,92887, ,2,2008
2340,All,WN,101543, ,3,2008
2341,All,WN,100307, ,4,2008
2342,All,WN,102294, ,5,2008
2343,All,WN,100831, ,6,2008
2344,All,WN,103157, ,7,2008
2345,All,WN,101433, ,8,2008
2346,All,WN,95947, ,9,2008
2347,All,WN,101224, ,10,2008
2348,All,WN,95355, ,11,2008
2349,All,WN,95813, ,12,2008
2350,All,WN,94606, ,1,2009
2351,All,WN,86009, ,2,2009
2352,All,WN,98520, ,3,2009
2353,All,WN,96457, ,4,2009
2354,All,WN,97273, ,5,2009
2355,All,WN,95843, ,6,2009
2356,All,WN,98761, ,7,2009
2357,All,WN,95405, ,8,2009
2358,All,WN,89497, ,9,2009
2359,All,WN,92670, ,10,2009
2360,All,WN,89286, ,11,2009
2361,All,WN,90784, ,12,2009
2362,All,WN,88406, ,1,2010
2363,All,WN,78718, ,2,2010
2364,All,WN,94768, ,3,2010
2365,All,WN,93719, ,4,2010
2366,All,WN,96750, ,5,2010
2367,All,WN,96753, ,6,2010
2368,All,WN,98665, ,7,2010
2369,All,WN,97392, ,8,2010
2370,All,WN,91143, ,9,2010
2371,All,WN,94483, ,10,2010
2372,All,WN,91159, ,11,2010
2373,All,WN,92495, ,12,2010
2374,All,WN,92018, ,1,2011
2375,All,WN,82477, ,2,2011
2376,All,WN,99328, ,3,2011
2377,All,WN,96683, ,4,2011
2378,All,WN,99288, ,5,2011
2379,All,WN,100180, ,6,2011
2380,All,WN,102030, ,7,2011
2381,All,WN,99228, ,8,2011
2382,All,WN,92514, ,9,2011
2383,All,WN,96618, ,10,2011
2384,All,WN,90947, ,11,2011
2385,All,WN,93852, ,12,2011
2386,All,WN,90085, ,1,2012
2387,All,WN,86419, ,2,2012
2388,All,WN,98151, ,3,2012
2389,All,WN,96061, ,4,2012
2390,All,WN,98499, ,5,2012
2391,All,WN,98232, ,6,2012
2392,All,WN,101860, ,7,2012
2393,All,WN,97814, ,8,2012
2394,All,WN,89679, ,9,2012
2395,All,WN,94449, ,10,2012
2396,All,WN,89816, ,11,2012
2397,All,WN,91382, ,12,2012
2398,All,WN,88715, ,1,2013
2399,All,WN,81589, ,2,2013
2400,All,WN,98145, ,3,2013
2401,All,WN,96712, ,4,2013
2402,All,WN,98584, ,5,2013
2403,All,WN,96921, ,6,2013
2404,All,WN,99794, ,7,2013
2405,All,WN,96283, ,8,2013
2406,All,WN,89563, ,9,2013
2407,All,WN,94220, ,10,2013
2408,All,WN,89241, ,11,2013
2409,All,WN,94221, ,12,2013
2410,All,WN,87334, ,1,2014
2411,All,WN,82012, ,2,2014
2412,All,WN,100338, ,3,2014
2413,All,WN,98716, ,4,2014
2414,All,WN,100197, ,5,2014
2415,All,WN,101531, ,6,2014
2416,All,WN,104655,442,7,2014
2417,All,WN,99206,530,8,2014
2418,All,WN,93765,510,9,2014
2419,All,WN,98651,585,10,2014
2420,All,WN,95105,1384,11,2014
2421,All,WN,100173,1448,12,2014
2422,All,WN,98417,1354,1,2015
2423,All,WN,86840,1198,2,2015
2424,All,WN,107279,1484,3,2015
2425,All,WN,106012,1566,4,2015
2426,All,WN,107039,1654,5,2015
2427,All,WN,108308,1730,6,2015
2428,All,WN,113184,1832,7,2015
2429,All,WN,107499,1318,8,2015
2430,All,WN,100390,1076,9,2015
2431,All,WN,104306,1383,10,2015
2432,All,WN,103214,2065,11,2015
2433,All,WN,106071,2136,12,2015
2434,All,WN,101623,2037,1,2016
2435,All,WN,95924,1900,2,2016
2436,All,WN,110884,2167,3,2016
2437,All,WN,107047,2172,4,2016
2438,All,WN,109593,2208,5,2016
2439,All,WN,111163,2266,6,2016
2440,All,WN,112228,2389,7,2016
2441,All,WN,110391,1874,8,2016
2442,All,WN,103890,1645,9,2016
2443,All,WN,107429,1686,10,2016
2444,All,WN,106840,2018,11,2016
2445,All,WN,109111,2654,12,2016
2446,All,WN,105683,2754,1,2017
2447,All,WN,94593, ,2,2017
2448,All,WN,113188, ,3,2017
2449,All,WN,111547, ,4,2017
2450,All,NK,2865, ,10,2002
2451,All,NK,3049, ,11,2002
2452,All,NK,3305, ,12,2002
2453,All,NK,3223, ,1,2003
2454,All,NK,2910, ,2,2003
2455,All,NK,3347, ,3,2003
2456,All,NK,3299, ,4,2003
2457,All,NK,2590, ,5,2003
2458,All,NK,2666, ,6,2003
2459,All,NK,3082, ,7,2003
2460,All,NK,3055, ,8,2003
2461,All,NK,2369, ,9,2003
2462,All,NK,2600,8,10,2003
2463,All,NK,2955, ,11,2003
2464,All,NK,3526,28,12,2003
2465,All,NK,3468,61,1,2004
2466,All,NK,3311,58,2,2004
2467,All,NK,3594,62,3,2004
2468,All,NK,3565,60,4,2004
2469,All,NK,3283,62,5,2004
2470,All,NK,3312,80,6,2004
2471,All,NK,3720,110,7,2004
2472,All,NK,3450,102,8,2004
2473,All,NK,2483,54,9,2004
2474,All,NK,2840,62,10,2004
2475,All,NK,3299,85,11,2004
2476,All,NK,3715,189,12,2004
2477,All,NK,3513,216,1,2005
2478,All,NK,3481,209,2,2005
2479,All,NK,3618,248,3,2005
2480,All,NK,3538,286,4,2005
2481,All,NK,2864,308,5,2005
2482,All,NK,2913,334,6,2005
2483,All,NK,3326,448,7,2005
2484,All,NK,2915,345,8,2005
2485,All,NK,2186,234,9,2005
2486,All,NK,2210,191,10,2005
2487,All,NK,2534,333,11,2005
2488,All,NK,2795,553,12,2005
2489,All,NK,2867,595,1,2006
2490,All,NK,2674,587,2,2006
2491,All,NK,3268,665,3,2006
2492,All,NK,3131,645,4,2006
2493,All,NK,2708,493,5,2006
2494,All,NK,2810,604,6,2006
2495,All,NK,3164,665,7,2006
2496,All,NK,3130,562,8,2006
2497,All,NK,2796,428,9,2006
2498,All,NK,2867,430,10,2006
2499,All,NK,2997,468,11,2006
2500,All,NK,3374,688,12,2006
2501,All,NK,3410,667,1,2007
2502,All,NK,3654,717,2,2007
2503,All,NK,4285,840,3,2007
2504,All,NK,4270,860,4,2007
2505,All,NK,3728,864,5,2007
2506,All,NK,3973,1316,6,2007
2507,All,NK,4283,1412,7,2007
2508,All,NK,4023,1293,8,2007
2509,All,NK,3435,860,9,2007
2510,All,NK,3575,805,10,2007
2511,All,NK,3783,900,11,2007
2512,All,NK,4087,1185,12,2007
2513,All,NK,4065,1035,1,2008
2514,All,NK,4016,883,2,2008
2515,All,NK,4569,966,3,2008
2516,All,NK,4280,941,4,2008
2517,All,NK,4288,1167,5,2008
2518,All,NK,4431,1302,6,2008
2519,All,NK,4524,1362,7,2008
2520,All,NK,3952,1206,8,2008
2521,All,NK,3269,863,9,2008
2522,All,NK,3295,859,10,2008
2523,All,NK,3363,797,11,2008
2524,All,NK,3613,850,12,2008
2525,All,NK,3395,865,1,2009
2526,All,NK,3216,790,2,2009
2527,All,NK,3832,942,3,2009
2528,All,NK,3547,858,4,2009
2529,All,NK,3571,1048,5,2009
2530,All,NK,3484,1062,6,2009
2531,All,NK,3676,1179,7,2009
2532,All,NK,3637,1128,8,2009
2533,All,NK,3442,697,9,2009
2534,All,NK,3581,744,10,2009
2535,All,NK,3543,753,11,2009
2536,All,NK,3659,865,12,2009
2537,All,NK,3498,843,1,2010
2538,All,NK,3071,767,2,2010
2539,All,NK,3794,940,3,2010
2540,All,NK,3808,916,4,2010
2541,All,NK,3922,922,5,2010
2542,All,NK,3115,791,6,2010
2543,All,NK,4146,1206,7,2010
2544,All,NK,4089,1090,8,2010
2545,All,NK,3821,864,9,2010
2546,All,NK,4073,864,10,2010
2547,All,NK,3963,955,11,2010
2548,All,NK,3924,1126,12,2010
2549,All,NK,3840,1040,1,2011
2550,All,NK,3585,826,2,2011
2551,All,NK,4535,912,3,2011
2552,All,NK,4533,900,4,2011
2553,All,NK,4882,842,5,2011
2554,All,NK,4712,878,6,2011
2555,All,NK,5027,1084,7,2011
2556,All,NK,4842,1037,8,2011
2557,All,NK,4469,692,9,2011
2558,All,NK,4717,646,10,2011
2559,All,NK,4757,743,11,2011
2560,All,NK,5093,843,12,2011
2561,All,NK,4913,851,1,2012
2562,All,NK,4776,791,2,2012
2563,All,NK,5806,822,3,2012
2564,All,NK,5649,811,4,2012
2565,All,NK,5637,838,5,2012
2566,All,NK,5801,872,6,2012
2567,All,NK,6179,980,7,2012
2568,All,NK,6218,951,8,2012
2569,All,NK,5631,737,9,2012
2570,All,NK,5642,645,10,2012
2571,All,NK,5850,770,11,2012
2572,All,NK,6074,854,12,2012
2573,All,NK,5957,822,1,2013
2574,All,NK,5679,740,2,2013
2575,All,NK,6676,830,3,2013
2576,All,NK,6547,793,4,2013
2577,All,NK,6846,859,5,2013
2578,All,NK,6732,978,6,2013
2579,All,NK,7163,1087,7,2013
2580,All,NK,7120,1059,8,2013
2581,All,NK,6547,637,9,2013
2582,All,NK,6716,629,10,2013
2583,All,NK,6797,817,11,2013
2584,All,NK,6992,842,12,2013
2585,All,NK,7038,890,1,2014
2586,All,NK,6446,808,2,2014
2587,All,NK,7373,893,3,2014
2588,All,NK,7263,861,4,2014
2589,All,NK,7612,1044,5,2014
2590,All,NK,7466,1008,6,2014
2591,All,NK,7747,1042,7,2014
2592,All,NK,8195,1049,8,2014
2593,All,NK,7803,614,9,2014
2594,All,NK,8089,602,10,2014
2595,All,NK,8170,835,11,2014
2596,All,NK,8410,930,12,2014
2597,All,NK,8771,995,1,2015
2598,All,NK,8031,852,2,2015
2599,All,NK,9303,940,3,2015
2600,All,NK,9459,952,4,2015
2601,All,NK,9863,1096,5,2015
2602,All,NK,9388,1178,6,2015
2603,All,NK,10255,1282,7,2015
2604,All,NK,10276,1276,8,2015
2605,All,NK,9897,863,9,2015
2606,All,NK,10194,739,10,2015
2607,All,NK,10086,920,11,2015
2608,All,NK,10520,1028,12,2015
2609,All,NK,10765,1058,1,2016
2610,All,NK,9985,965,2,2016
2611,All,NK,11108,1051,3,2016
2612,All,NK,11262,1135,4,2016
2613,All,NK,11856,1185,5,2016
2614,All,NK,11375,1143,6,2016
2615,All,NK,11791,1197,7,2016
2616,All,NK,11835,1190,8,2016
2617,All,NK,11118,897,9,2016
2618,All,NK,11231,798,10,2016
2619,All,NK,11573,866,11,2016
2620,All,NK,12153,1033,12,2016
2621,All,NK,12160,1024,1,2017
2622,All,NK,11276, ,2,2017
2623,All,NK,12583, ,3,2017
2624,All,NK,12343, ,4,2017
2625,All,UA,51504,4798,10,2002
2626,All,UA,46067,4525,11,2002
2627,All,UA,48260,4684,12,2002
2628,All,UA,47193,4580,1,2003
2629,All,UA,41776,4018,2,2003
2630,All,UA,46287,4464,3,2003
2631,All,UA,42749,3748,4,2003
2632,All,UA,43390,3858,5,2003
2633,All,UA,44730,4238,6,2003
2634,All,UA,47409,4658,7,2003
2635,All,UA,46975,4796,8,2003
2636,All,UA,43644,4387,9,2003
2637,All,UA,45746,4500,10,2003
2638,All,UA,43582,4135,11,2003
2639,All,UA,45727,4322,12,2003
2640,All,UA,44862,4373,1,2004
2641,All,UA,42416,4124,2,2004
2642,All,UA,46260,4439,3,2004
2643,All,UA,45207,4343,4,2004
2644,All,UA,46183,4414,5,2004
2645,All,UA,47229,4678,6,2004
2646,All,UA,49445,4934,7,2004
2647,All,UA,50306,4924,8,2004
2648,All,UA,45137,4615,9,2004
2649,All,UA,46690,4700,10,2004
2650,All,UA,42781,4496,11,2004
2651,All,UA,43953,4897,12,2004
2652,All,UA,40487,5139,1,2005
2653,All,UA,36947,4642,2,2005
2654,All,UA,40525,5137,3,2005
2655,All,UA,38477,5076,4,2005
2656,All,UA,40666,5098,5,2005
2657,All,UA,40624,5054,6,2005
2658,All,UA,41718,5277,7,2005
2659,All,UA,41723,5252,8,2005
2660,All,UA,39059,4752,9,2005
2661,All,UA,40481,4932,10,2005
2662,All,UA,39500,4445,11,2005
2663,All,UA,40621,5028,12,2005
2664,All,UA,39616,5225,1,2006
2665,All,UA,37062,4738,2,2006
2666,All,UA,41874,5275,3,2006
2667,All,UA,40349,5262,4,2006
2668,All,UA,42131,5274,5,2006
2669,All,UA,41610,5429,6,2006
2670,All,UA,42593,5787,7,2006
2671,All,UA,43619,5803,8,2006
2672,All,UA,40264,5116,9,2006
2673,All,UA,41826,5146,10,2006
2674,All,UA,40356,5062,11,2006
2675,All,UA,39961,5353,12,2006
2676,All,UA,40730,5276,1,2007
2677,All,UA,35901,4740,2,2007
2678,All,UA,41911,5475,3,2007
2679,All,UA,39940,5310,4,2007
2680,All,UA,41276,5386,5,2007
2681,All,UA,40370,5538,6,2007
2682,All,UA,41793,5767,7,2007
2683,All,UA,42221,5768,8,2007
2684,All,UA,38698,5137,9,2007
2685,All,UA,40600,5289,10,2007
2686,All,UA,38337,4999,11,2007
2687,All,UA,37883,5476,12,2007
2688,All,UA,36672,5574,1,2008
2689,All,UA,35408,5209,2,2008
2690,All,UA,39680,5630,3,2008
2691,All,UA,38296,5452,4,2008
2692,All,UA,39291,5497,5,2008
2693,All,UA,39314,5534,6,2008
2694,All,UA,40267,5723,7,2008
2695,All,UA,39694,5777,8,2008
2696,All,UA,34238,4878,9,2008
2697,All,UA,35313,4903,10,2008
2698,All,UA,30843,4506,11,2008
2699,All,UA,31894,4907,12,2008
2700,All,UA,30875,4917,1,2009
2701,All,UA,29456,4376,2,2009
2702,All,UA,33946,4977,3,2009
2703,All,UA,30970,5035,4,2009
2704,All,UA,31517,4749,5,2009
2705,All,UA,32563,4918,6,2009
2706,All,UA,33582,5175,7,2009
2707,All,UA,33285,5158,8,2009
2708,All,UA,29685,4445,9,2009
2709,All,UA,30299,4391,10,2009
2710,All,UA,27613,4005,11,2009
2711,All,UA,28448,4318,12,2009
2712,All,UA,27713,4541,1,2010
2713,All,UA,24772,3912,2,2010
2714,All,UA,29373,4632,3,2010
2715,All,UA,28081,4237,4,2010
2716,All,UA,28740,4665,5,2010
2717,All,UA,29090,4692,6,2010
2718,All,UA,30224,4973,7,2010
2719,All,UA,30444,4866,8,2010
2720,All,UA,27980,4362,9,2010
2721,All,UA,29057,4535,10,2010
2722,All,UA,27263,4133,11,2010
2723,All,UA,27172,4597,12,2010
2724,All,UA,25702,4738,1,2011
2725,All,UA,23216,4242,2,2011
2726,All,UA,27359,5053,3,2011
2727,All,UA,25052,5117,4,2011
2728,All,UA,25809,5052,5,2011
2729,All,UA,27382,4942,6,2011
2730,All,UA,28530,5227,7,2011
2731,All,UA,28180,5051,8,2011
2732,All,UA,24571,4629,9,2011
2733,All,UA,25040,4672,10,2011
2734,All,UA,22893,4204,11,2011
2735,All,UA,23895,4688,12,2011
2736,All,UA,41370,13434,1,2012
2737,All,UA,40632,12589,2,2012
2738,All,UA,46149,14525,3,2012
2739,All,UA,44170,13675,4,2012
2740,All,UA,45115,13843,5,2012
2741,All,UA,46479,14148,6,2012
2742,All,UA,47403,15160,7,2012
2743,All,UA,47361,14224,8,2012
2744,All,UA,42756,11781,9,2012
2745,All,UA,42550,11489,10,2012
2746,All,UA,40882,11056,11,2012
2747,All,UA,41814,12480,12,2012
2748,All,UA,40335,12973,1,2013
2749,All,UA,37435,11511,2,2013
2750,All,UA,43624,13905,3,2013
2751,All,UA,41144,13393,4,2013
2752,All,UA,42916,13561,5,2013
2753,All,UA,43326,14053,6,2013
2754,All,UA,44467,14804,7,2013
2755,All,UA,44455,14087,8,2013
2756,All,UA,40645,11825,9,2013
2757,All,UA,43239,11792,10,2013
2758,All,UA,40550,11476,11,2013
2759,All,UA,41074,12548,12,2013
2760,All,UA,37555,12807,1,2014
2761,All,UA,35274,11676,2,2014
2762,All,UA,42232,14895,3,2014
2763,All,UA,39498,13498,4,2014
2764,All,UA,42239,14022,5,2014
2765,All,UA,42596,15001,6,2014
2766,All,UA,43775,15661,7,2014
2767,All,UA,42721,14631,8,2014
2768,All,UA,39951,11666,9,2014
2769,All,UA,43231,11875,10,2014
2770,All,UA,39686,12022,11,2014
2771,All,UA,40276,13261,12,2014
2772,All,UA,37607,12789,1,2015
2773,All,UA,35454,11470,2,2015
2774,All,UA,43230,14507,3,2015
2775,All,UA,41165,14267,4,2015
2776,All,UA,44396,13941,5,2015
2777,All,UA,45385,14663,6,2015
2778,All,UA,46250,16216,7,2015
2779,All,UA,45328,15194,8,2015
2780,All,UA,41774,11744,9,2015
2781,All,UA,45892,11731,10,2015
2782,All,UA,42495,12053,11,2015
2783,All,UA,42855,13886,12,2015
2784,All,UA,38556,13177,1,2016
2785,All,UA,38677,12400,2,2016
2786,All,UA,43911,14625,3,2016
2787,All,UA,42781,13299,4,2016
2788,All,UA,45910,13833,5,2016
2789,All,UA,46399,14880,6,2016
2790,All,UA,47857,16342,7,2016
2791,All,UA,49703,14750,8,2016
2792,All,UA,46870,11865,9,2016
2793,All,UA,49691,11893,10,2016
2794,All,UA,46043,11545,11,2016
2795,All,UA,45329,14090,12,2016
2796,All,UA,42317,13837,1,2017
2797,All,UA,39735, ,2,2017
2798,All,UA,47941, ,3,2017
2799,All,UA,45622, ,4,2017
2800,All,VX,361, ,8,2007
2801,All,VX,668, ,9,2007
2802,All,VX,954, ,10,2007
2803,All,VX,1142, ,11,2007
2804,All,VX,1252, ,12,2007
2805,All,VX,1235, ,1,2008
2806,All,VX,1298, ,2,2008
2807,All,VX,1700, ,3,2008
2808,All,VX,1975, ,4,2008
2809,All,VX,2205, ,5,2008
2810,All,VX,2286, ,6,2008
2811,All,VX,2536, ,7,2008
2812,All,VX,2472, ,8,2008
2813,All,VX,2068, ,9,2008
2814,All,VX,2144, ,10,2008
2815,All,VX,2142, ,11,2008
2816,All,VX,2260, ,12,2008
2817,All,VX,2263, ,1,2009
2818,All,VX,2236, ,2,2009
2819,All,VX,2724, ,3,2009
2820,All,VX,2560, ,4,2009
2821,All,VX,2851, ,5,2009
2822,All,VX,2899, ,6,2009
2823,All,VX,3057, ,7,2009
2824,All,VX,3086, ,8,2009
2825,All,VX,2776, ,9,2009
2826,All,VX,2824, ,10,2009
2827,All,VX,2825, ,11,2009
2828,All,VX,2941, ,12,2009
2829,All,VX,2870, ,1,2010
2830,All,VX,2651, ,2,2010
2831,All,VX,3161, ,3,2010
2832,All,VX,3005, ,4,2010
2833,All,VX,3017, ,5,2010
2834,All,VX,2849,31,6,2010
2835,All,VX,2918,124,7,2010
2836,All,VX,2911,124,8,2010
2837,All,VX,2619,120,9,2010
2838,All,VX,2854,124,10,2010
2839,All,VX,3007,112,11,2010
2840,All,VX,3099,141,12,2010
2841,All,VX,3114,177,1,2011
2842,All,VX,2810,188,2,2011
2843,All,VX,3275,218,3,2011
2844,All,VX,3397,129,4,2011
2845,All,VX,3645,120,5,2011
2846,All,VX,3757,128,6,2011
2847,All,VX,3885,134,7,2011
2848,All,VX,3809,132,8,2011
2849,All,VX,3639,94,9,2011
2850,All,VX,3772,89,10,2011
2851,All,VX,3839,102,11,2011
2852,All,VX,4045,198,12,2011
2853,All,VX,4062,170,1,2012
2854,All,VX,3837,160,2,2012
2855,All,VX,4349,178,3,2012
2856,All,VX,4435,170,4,2012
2857,All,VX,4715,176,5,2012
2858,All,VX,4744,173,6,2012
2859,All,VX,5025,178,7,2012
2860,All,VX,5053,173,8,2012
2861,All,VX,4627,96,9,2012
2862,All,VX,4418,102,10,2012
2863,All,VX,4545,138,11,2012
2864,All,VX,4646,192,12,2012
2865,All,VX,4229,122,1,2013
2866,All,VX,3725,98,2,2013
2867,All,VX,4292,116,3,2013
2868,All,VX,4554,106,4,2013
2869,All,VX,5127,110,5,2013
2870,All,VX,5097,136,6,2013
2871,All,VX,5279,138,7,2013
2872,All,VX,5203,116,8,2013
2873,All,VX,4761,80,9,2013
2874,All,VX,4927,92,10,2013
2875,All,VX,4720,114,11,2013
2876,All,VX,4961,112,12,2013
2877,All,VX,4752,102,1,2014
2878,All,VX,4106,84,2,2014
2879,All,VX,4673,108,3,2014
2880,All,VX,4854,118,4,2014
2881,All,VX,4965,126,5,2014
2882,All,VX,4948,126,6,2014
2883,All,VX,5079,132,7,2014
2884,All,VX,4886,116,8,2014
2885,All,VX,4547,56,9,2014
2886,All,VX,4719,62,10,2014
2887,All,VX,4716,114,11,2014
2888,All,VX,4935,108,12,2014
2889,All,VX,4652,94,1,2015
2890,All,VX,4070,86,2,2015
2891,All,VX,4820,106,3,2015
2892,All,VX,4901,124,4,2015
2893,All,VX,5207,118,5,2015
2894,All,VX,5242,130,6,2015
2895,All,VX,5393,150,7,2015
2896,All,VX,5665,124,8,2015
2897,All,VX,5144,78,9,2015
2898,All,VX,5442,92,10,2015
2899,All,VX,5355,112,11,2015
2900,All,VX,5490,124,12,2015
2901,All,VX,5228,114,1,2016
2902,All,VX,4903,92,2,2016
2903,All,VX,5568,110,3,2016
2904,All,VX,5599,132,4,2016
2905,All,VX,5808,132,5,2016
2906,All,VX,5849,146,6,2016
2907,All,VX,6072,162,7,2016
2908,All,VX,6055,136,8,2016
2909,All,VX,5709,82,9,2016
2910,All,VX,5784,89,10,2016
2911,All,VX,5905,101,11,2016
2912,All,VX,5988,121,12,2016
2913,All,VX,5649,104,1,2017
2914,All,VX,4960, ,2,2017
2915,All,VX,5674, ,3,2017
2916,All,VX,5502, ,4,2017
